date,ethereum_current_price_usd,ethereum_market_cap_usd,ethereum_total_volume_usd,ethereum_facebook_likes,ethereum_twitter_followers,ethereum_reddit_subscribers,ethereum_alexa_rank,ethereum_forks,ethereum_stars,ethereum_subscribers,ethereum_total_issues,binance coin_current_price_usd,binance coin_market_cap_usd,binance coin_total_volume_usd,binance coin_facebook_likes,binance coin_twitter_followers,binance coin_reddit_subscribers,binance coin_alexa_rank,binance coin_forks,binance coin_stars,binance coin_subscribers,binance coin_total_issues,tvlUsd,apy,apyBase,apyReward,price_ratio,impermanent_loss,dollar_value_loss,significant_il_event
2024-07-05,3069.0434008340803,369571668593.03217,19209988737.688698,0,3424907.0,0,0,0,0,0,0,513.9453755496933,79274495247.43005,1545553921.1939452,0,11848255.0,0,0,2048.8,4049.8,480.2,27.4,57065.0,0.86399,0.86399,0.0,5.971536172597267,0.0,0.0,0.0
2024-07-06,2984.398102498264,358878418412.549,31755421068.593773,0,3484400.2,0,0,0,0,0,0,498.62196780135304,76714273647.3038,2604851068.3584733,0,11862670.0,0,0,2048.8,4049.4,480.2,27.4,1867349.0,13.88148,13.88148,0.0,5.98529205533765,-0.0011511250645259,-2149.552238117507,0.0
2024-07-07,3066.247437954064,368279414918.9943,9871087552.273798,0,3424521.0,0,0,0,0,0,0,527.4566371635227,81193238739.26189,775622840.4010627,0,11850916.0,0,0,2049.6,4041.6,481.8,27.4,2070796.0,48.13586,48.13586,0.0,5.8132692280511815,0.0133407661199417,27626.00511811085,0.0
2024-07-08,2928.6012310061665,350977454882.58325,10243406181.924892,0,3437056.4,0,0,0,0,0,0,489.8966088738004,75281277003.41962,886962556.251936,0,12123054.4,0,0,2054.6,4036.8,482.6,27.4,2249955.0,7.50548,7.50548,0.0,5.9779985775745335,-0.0005409543984984,-1217.123053673555,0.0
2024-07-09,3016.0833537946064,362836336467.41907,20819810746.374283,0,3427090.0,0,0,0,0,0,0,510.23246278627056,78514420114.3121,1586231681.331875,0,11870560.0,0,0,2048.8,4049.8,480.2,27.4,2145602.0,2.07485,2.07485,0.0,5.9111945510570205,0.0050652655353166,10868.043863106388,0.0
2024-07-10,3064.0923605197886,368733224976.19775,14902982165.592142,0,3426822.0,0,0,0,0,0,0,516.6700504533386,79558013405.23064,741939896.1615809,0,11897770.0,0,0,2049.6,4040.6,481.8,27.4,2146561.0,8.32967,8.32967,0.0,5.930462502773832,0.0034450551116439,7395.020945505541,0.0
2024-07-11,3099.7101861313545,372867773189.4008,14523237728.597153,0,3428515.0,0,0,0,0,0,0,524.2934683955484,80718169616.7678,846017353.3708689,0,11870077.0,0,0,2047.0,4015.0,485.0,137.0,2177271.0,12.77915,12.77915,0.0,5.912166320929267,0.0049834878287523,10850.403528395464,0.0
2024-07-12,3102.0902302291074,372384838887.21234,14058546522.739754,0,3426995.0,0,0,0,0,0,0,525.4243568486237,80735885200.94586,807513195.2972174,0,11868019.4,0,0,2050.4,4033.0,483.4,27.4,2109901.0,0.0,0.0,0.0,5.903971123140812,0.0056733521225381,11970.2113166954,0.0
2024-07-13,3132.980838609695,376300269815.6458,12435435678.40964,0,3429077.0,0,0,0,0,0,0,533.79693592098,82091505746.59743,796401058.1368024,0,11873079.0,0,0,2049.4,4041.0,481.8,27.4,2169740.0,0.0,0.0,0.0,5.86923720947226,0.008602550243877,18665.297366149716,0.0
2024-07-14,3173.5042341380185,381711250543.1549,7830621980.637015,0,3427955.0,0,0,0,0,0,0,531.8300862413389,81949861356.44743,628511639.0220709,0,11870392.0,0,0,2050.6,4032.2,483.4,27.4,2162582.0,0.0,0.0,0.0,5.967139348144956,0.0003682163153262,796.2979756308548,0.0
2024-07-15,3252.654184707363,391583812600.5758,9867236520.521011,0,3430371.0,0,0,0,0,0,0,544.9923777318921,83985308455.3087,594170752.2167687,0,11873894.0,0,0,2052.0,4025.6,485.0,0.0,2645233.0,0.0,0.0,0.0,5.968256286893428,0.0002746643497359,726.5512018452031,0.0
2024-07-16,3488.5387580277174,419316550609.6248,18368344859.430637,0,3431670.0,0,0,0,0,0,0,586.5021629410871,90237693987.10371,1118557940.60654,0,11884662.0,0,0,2048.0,4019.0,485.0,0.0,2796772.0,0.0,0.0,0.0,5.948040737878973,0.0019692245623628,5507.472117728574,0.0
2024-07-17,3446.7658893041003,414703698412.0949,21040427365.588116,0,3432524.0,0,0,0,0,0,0,577.0733320025251,88732963754.11292,1214855892.5372884,0,11890109.0,0,0,2048.0,4020.0,485.0,0.0,2303822.0,0.0,0.0,0.0,5.9728386292663025,-0.000109049465595,-251.23055792621193,0.0
2024-07-18,3389.441287038116,407908628077.67224,16978839263.794697,0,3437088.6,0,0,0,0,0,0,568.6629868188512,87605945219.33867,801369061.398164,0,11900924.4,0,0,2048.0,4021.0,485.0,0.0,2278629.0,0.0,0.0,0.0,5.960369086088998,0.0009354638264167,2131.5750033241457,0.0
2024-07-19,3428.5520187667257,412233122047.3164,14884776298.264118,0,3436697.0,0,0,0,0,0,0,571.9732791484945,88003321839.19179,749609076.1390363,0,11912798.0,0,0,2049.0,4020.8,485.0,0.0,3042562.0,0.0,0.0,0.0,5.994252080920396,-0.0019002100677711,-5781.50694421805,0.0
2024-07-20,3505.222536388452,421392010127.0308,17784761899.551624,0,3434624.0,0,0,0,0,0,0,593.6286687768509,91326026617.611,1198263276.8712485,0,11895858.4,0,0,2049.6,4020.6,485.0,0.0,3222547.0,0.0,0.0,0.0,5.904739310537055,0.0056086664780644,18074.191332887196,0.0
2024-07-21,3522.8013028122487,423550664963.5061,9427844289.70798,0,3432544.0,0,0,0,0,0,0,593.7583912963933,91357106145.40707,612596079.2453587,0,11902140.0,0,0,2050.0,4021.0,485.0,0.0,3308782.0,0.0,0.0,0.0,5.933055186168697,0.0032272416504967,10678.239082813783,0.0
2024-07-22,3533.118349531153,424780865928.9678,13378492000.408422,0,3432787.8,0,0,0,0,0,0,601.817243994619,92565473859.78108,888499706.291106,0,12267148.2,0,0,2051.0,4020.0,485.0,0.0,3237892.0,0.0,0.0,0.0,5.870749608435519,0.008474825648446,27440.57016849824,0.0
2024-07-23,3443.073350817144,413961610216.08093,18304154013.687572,0,3432577.0,0,0,0,0,0,0,589.292647245785,90711577823.5121,1076044016.0684297,0,11889583.0,0,0,2049.2,4020.6,485.0,0.0,3263523.0,0.0,0.0,0.0,5.842722401016299,0.0108444488027467,35391.108090086345,0.0
2024-07-24,3482.9837705931927,418879212976.89734,25079221799.230476,0,3462322.8,0,0,0,0,0,0,582.4529136231971,89637632645.52553,898212596.9295814,0,12272138.2,0,0,2051.0,4023.0,485.0,0.0,3140148.0,0.0,0.0,0.0,5.979854661430055,-0.0006962692384613,-2186.388456615879,0.0
2024-07-25,3336.3802530382436,401152738546.7264,15765758234.562634,0,3441802.0,0,0,0,0,0,0,574.4106472326896,88376610702.22978,680183858.5534694,0,11927470.0,0,0,2051.4,4039.4,483.2,0.0,3139121.0,0.0,0.0,0.0,5.808353778105892,0.0137579926005753,43188.00349031056,0.0
2024-07-26,3173.7633983274727,381782355331.5728,25890826733.28285,0,3437521.0,0,0,0,0,0,0,570.9283836332269,87881569567.94095,1131076443.6688194,0,12212576.0,0,0,2052.0,4024.0,485.0,0.0,3212620.0,46.65596,0.0,46.65596,5.558951856852062,0.0351641705665175,112969.1176454056,0.0
2024-07-27,3278.1869575279507,394189879099.2592,15169277359.834238,0,3441190.0,0,0,0,0,0,0,581.0688197159623,89386228930.64784,708560781.7404197,0,12347067.0,0,0,2051.8,4053.6,481.6,0.0,3225499.0,45.27428,0.0,45.27428,5.641650087386193,0.0280139331306248,90358.91329889729,0.0
2024-07-28,3254.611672582785,391424161950.5181,14496971021.239912,0,3443683.0,0,0,0,0,0,0,582.1631652390556,89569383275.49492,814108946.207702,0,12328602.4,0,0,2052.4,4039.8,483.4,0.0,3289180.0,31.73496,13.73557,17.99939,5.59054895073331,0.0324259915793091,106654.92298283204,0.0
2024-07-29,3272.8501306701373,393579006059.7797,7818233563.235541,0,3441214.0,0,0,0,0,0,0,584.4214798073752,89894878401.64874,456744572.360746,0,12417772.0,0,0,2054.0,4026.0,485.0,0.0,3323568.0,25.93855,7.93916,17.99939,5.600153731086109,0.0315951833925852,105008.74047772784,0.0
2024-07-30,3316.942188773212,399239444647.5382,18452148650.905613,0,3441843.0,0,0,0,0,0,0,574.7212730893208,83786153369.62154,894893853.6873201,0,12230542.0,0,0,2054.0,4028.0,485.0,0.0,3434840.0,24.30696,6.30757,17.99939,5.771392749990841,0.0169009394603469,58052.02289597824,0.0
2024-07-31,3276.981779516743,393942961780.88654,13805865977.524103,0,3443928.0,0,0,0,0,0,0,585.8203686347002,85470855219.68504,811283570.7593459,0,12489422.0,0,0,2051.6,4039.2,483.4,0.0,3587974.0,25.77277,7.77338,17.99939,5.593833801228187,0.032141773584785,115323.84793609571,0.0
2024-08-01,3233.076804863122,388633791826.8701,16143420325.47769,0,3444447.0,0,0,0,0,0,0,576.7235905020976,84116308113.30072,819116546.4664685,0,12514857.0,0,0,2052.0,4029.0,485.0,0.0,3679309.0,21.09552,5.83447,15.26105,5.60593819657766,0.0310951740408551,114408.75370508476,0.0
2024-08-02,3204.2465237463616,385340171208.7555,17786413332.129932,0,3445057.0,0,0,0,0,0,0,575.3955117876043,83943056335.13995,1103476839.0569408,0,12192765.6,0,0,2050.6,4032.6,483.4,27.4,3687562.0,19.69799,6.87411,12.82389,5.568772189048887,0.0343123168621867,126528.795792959,0.0
2024-08-03,2983.300976694291,358543505038.73834,18785849199.903355,0,3439989.0,0,0,0,0,0,0,542.9536431671482,79207573785.73466,1190046276.7072885,0,12511990.0,0,0,2053.0,4030.0,485.0,0.0,4093047.0,29.92848,9.41431,20.51417,5.494577694132687,0.0407669679206403,166861.11574667337,0.0
2024-08-04,2906.7150241765007,349395441871.30615,17701956694.58319,0,3436733.0,0,0,0,0,0,0,529.824763245154,77275298116.98772,920058736.0484016,0,12484036.0,0,0,2054.6,4036.8,482.6,27.4,4240129.0,23.76069,3.82783,19.93286,5.48618189601595,0.0415001094069622,175965.81739963344,0.0
2024-08-05,2682.4373928187924,323403607818.7498,22171247833.139385,0,3458482.0,0,0,0,0,0,0,495.964297435195,72455031845.59312,1204020187.4041965,0,12500157.0,0,0,2059.8,4040.4,482.8,0.0,4296173.0,44.25898,1.06384,43.19514,5.408529216096028,0.0483076982135576,207538.2287572345,0.0
2024-08-06,2415.6311394312143,291245061884.5607,73571034926.63428,0,3478776.0,0,0,0,0,0,0,464.9172230655701,67825646616.054695,3688148819.095155,0,13097184.0,0,0,2054.2,4043.8,479.2,0.0,4331312.0,24.04206,3.66718,20.37488,5.195830611529147,0.0672087609943534,291102.1129999751,1.0
2024-08-07,2455.51137665051,295168597349.07764,27613148149.796356,0,3463742.0,0,0,0,0,0,0,483.58147031545303,70529736005.98248,1608444664.859629,0,12569276.0,0,0,2056.0,4032.0,485.0,0.0,4587364.0,22.48928,3.95041,18.53887,5.0777615094488935,0.0778679518774477,357208.6391963363,1.0
2024-08-08,2341.590346028249,282098261495.40393,24968091142.09198,0,3462510.0,0,0,0,0,0,0,474.9151754817526,69405610033.30518,1172923833.530331,0,12598457.0,0,0,2053.4,4040.0,477.4,0.0,4679567.0,24.6345,6.70224,17.93226,4.930544372798671,0.0913337406227648,427402.35860485,1.0
2024-08-09,2685.012750687489,322827381254.3183,24290512619.839314,0,3460347.0,0,0,0,0,0,0,517.0200212361478,75379973055.30574,964414902.9202516,0,12624440.0,0,0,2061.0,4033.0,485.0,0.0,4325052.0,24.79855,6.86629,17.93226,5.193247147891619,0.0674406904061667,291684.49292257224,1.0
2024-08-10,2602.184071276188,312353537574.9063,18077335701.97768,0,3457986.0,0,0,0,0,0,0,508.50598966236623,74121729931.63289,588500103.9347321,0,12642628.0,0,0,2060.4,4034.2,484.6,0.0,4217658.0,11.86541,0.0,11.86541,5.117312527634071,0.0742836443709564,313303.0069503195,1.0
2024-08-11,2608.0357436286963,313697482213.2365,8849019546.648287,0,3454279.0,0,0,0,0,0,0,523.4081972371441,76361242414.22313,537804503.7654083,0,12667061.0,0,0,2061.0,4033.0,485.0,0.0,3746171.0,11.86541,0.0,11.86541,4.982794991357492,0.0865317099927223,324162.58255514654,1.0
2024-08-12,2558.790870730736,307740266021.366,12624674028.077477,0,3452265.0,0,0,0,0,0,0,503.4723056454186,73430101810.45255,797141781.6084327,0,12710060.0,0,0,2061.0,4034.0,485.0,0.0,3741885.0,14.18542,0.0,14.18542,5.082287232165696,0.0774571030749292,289835.57213953167,1.0
2024-08-13,2726.777988551933,328070186437.41003,22670968464.846756,0,3452927.0,0,0,0,0,0,0,518.7522169712583,75670419007.80066,1003673165.5908452,0,12768412.0,0,0,2062.0,4037.0,485.0,0.0,3880598.0,13.64317,0.0,13.64317,5.256417031761835,0.0617860777098691,239766.9295887626,1.0
2024-08-14,2703.5505587641255,325002180894.27686,16366799383.61909,0,3455074.0,0,0,0,0,0,0,523.5534548294074,76342061983.68185,967141273.6618243,0,12866157.0,0,0,2059.2,4042.0,482.6,0.0,3865442.0,12.89004,0.0,12.89004,5.1638481874693,0.0700840447984169,270905.8102936822,1.0
2024-08-15,2662.780395092489,320231285058.06165,15887432311.728333,0,3456908.0,0,0,0,0,0,0,523.8422624962476,76380430420.0317,791043544.1797582,0,12912514.0,0,0,2062.0,4038.0,485.0,0.0,3809863.0,14.13432,0.0,14.13432,5.083172141177829,0.0773767916960468,294794.97574147605,1.0
2024-08-16,2569.8604812159274,309002097789.9878,15498476343.410463,0,3457149.0,0,0,0,0,0,0,519.9897914144176,75841500331.08524,835902359.0401022,0,12909112.0,0,0,2058.6,4031.0,483.8,0.0,3736874.0,13.72888,0.0,13.72888,4.9421364104585255,0.0902662003217528,337313.4170611497,1.0
2024-08-17,2592.249006212312,311786461030.44476,12841847017.271076,0,3456224.0,0,0,0,0,0,0,519.7178383319489,75855800746.29582,721531477.325509,0,12890573.0,0,0,2065.0,4039.0,485.0,0.0,3834193.0,13.72888,0.0,13.72888,4.987800716119767,0.0860729892325823,330020.45280464255,1.0
2024-08-18,2613.139261446099,314212508914.4149,5483825246.098839,0,3454311.0,0,0,0,0,0,0,542.028372504351,79079252404.1194,665967566.2581954,0,12894680.0,0,0,2060.8,4037.0,480.2,0.0,3862519.0,13.72888,0.0,13.72888,4.821037779576978,0.1014810649359284,391972.54145525745,1.0
2024-08-19,2614.6012806263716,314682052511.7037,8617702421.12827,0,3456324.0,0,0,0,0,0,0,530.6035820721123,77408470293.99077,641658585.5509945,0,12906531.0,0,0,2062.0,4036.6,482.6,0.0,4035282.0,13.72888,0.0,13.72888,4.9275982465399775,0.0916052568433883,369653.044045502,1.0
2024-08-20,2640.5904207330605,317616756579.9527,11730843561.162949,0,3457159.0,0,0,0,0,0,0,561.3466933045529,81819968892.46297,835825601.7907687,0,12917488.0,0,0,2057.2,4037.2,478.0,0.0,4048221.0,13.72888,0.0,13.72888,4.704027746539936,0.1124518896748387,455230.1012713655,1.0
2024-08-21,2575.643435503567,309867213669.31934,12823659998.035198,0,3458347.0,0,0,0,0,0,0,569.5129223388254,83358274544.39061,1333942724.7945085,0,12938525.0,0,0,2068.0,4042.0,485.0,0.0,3526644.0,16.45899,0.0,16.45899,4.522537302448102,0.1297419582528485,457553.69862065866,1.0
2024-08-22,2630.2988017642488,316360729845.1586,11246256658.90509,0,3457320.0,0,0,0,0,0,0,569.5545076353214,83056570988.02866,1112040435.3405745,0,12933620.0,0,0,2058.4,4038.0,478.0,0.0,3621613.0,16.33018,0.0,16.33018,4.61816870291262,0.1205890616536351,436726.9133426065,1.0
2024-08-23,2623.289171364539,315630604929.4857,10277172867.663338,0,3459242.0,0,0,0,0,0,0,583.7567536762228,85179220985.07648,1204928827.4745126,0,12955408.0,0,0,2058.4,4038.0,478.0,0.0,3336152.0,16.94248,0.0,16.94248,4.493805261942255,0.1325107722888122,442076.0779928656,1.0
2024-08-24,2763.2554073640704,332181161792.2442,17876365362.452858,0,3466238.4,0,0,0,0,0,0,590.4688964429359,86138952585.00223,1209666815.6702597,0,13056996.8,0,0,2057.6,4044.2,480.4,0.0,3377047.0,10.60644,0.0,10.60644,4.6797645464651785,0.1147438189804279,387495.2696563973,1.0
2024-08-25,2767.840733546234,332950073030.8183,11990449014.147696,0,3456949.0,0,0,0,0,0,0,580.9115618477243,84650512772.08447,1096537691.4227378,0,12950579.0,0,0,2062.0,4044.0,483.0,0.0,3350461.0,16.24777,0.0,16.24777,4.764650792527648,0.1067510705608246,357665.2986222912,1.0
2024-08-26,2745.164671605207,330332547375.3104,8312216650.941433,0,3459776.0,0,0,0,0,0,0,573.1076363055,83610905694.51266,801561228.6776841,0,13182446.0,0,0,2056.2,4043.8,478.0,0.0,3056157.0,14.43065,0.0,14.43065,4.7899635211663325,0.1043814722452433,319006.16707260604,1.0
2024-08-27,2683.0801154902983,322816645099.5817,11486270160.014795,0,3461657.0,0,0,0,0,0,0,548.8530122031234,80080391634.32704,971837222.7143232,0,13017357.0,0,0,2056.0,4041.6,478.4,0.0,3010244.0,11.67436,0.0,11.67436,4.888522165015148,0.0952142320391921,286618.0707105858,1.0
2024-08-28,2457.277351754743,295636169778.93835,17505948780.2572,0,3460990.0,0,0,0,0,0,0,534.6723254250207,78160031799.81288,1042927606.5953478,0,13216616.8,0,0,2053.8,4044.2,474.6,0.0,2894443.0,0.0,0.0,0.0,4.595856630135866,0.1227160127455235,355194.5040791915,1.0
2024-08-29,2527.0269814017706,303958449107.31573,21234602056.030582,0,3457246.0,0,0,0,0,0,0,536.5579977474256,78331630413.95227,1100999066.934797,0,12993314.0,0,0,2062.0,4027.0,483.0,0.0,2844507.0,11.71985,0.0,11.71985,4.709699588880828,0.1119169739918148,318348.61593853537,1.0
2024-08-30,2526.738355300341,304106394048.1237,13272715023.256617,0,3457306.0,0,0,0,0,0,0,536.8036844570744,78358707308.23318,720268698.6317524,0,12985071.0,0,0,2057.4,4031.6,483.8,0.0,2746980.0,13.04911,0.0,13.04911,4.707006357186045,0.1121709344986633,308131.3136491382,1.0
2024-08-31,2527.690204915795,304009556580.61725,15607580785.925385,0,3454274.0,0,0,0,0,0,0,535.4547657229192,78116141811.91739,856795243.7737503,0,12988218.0,0,0,2053.0,4027.0,483.0,0.0,3299578.0,52.65185,0.0,52.65185,4.720641904275803,0.1108859053941134,365876.6939484981,1.0
2024-09-01,2513.3643501004462,302383496015.1365,6105765553.728281,0,3454153.0,0,0,0,0,0,0,532.7142189592856,77715922914.05212,376648540.750375,0,12963791.0,0,0,2053.0,4027.0,483.0,0.0,3478238.0,52.66728,0.0,52.66728,4.718035037642834,0.1111314357679271,386541.58288256347,1.0
2024-09-02,2430.0202661439344,292436067877.0585,11229587557.968822,0,3453998.0,0,0,0,0,0,0,512.8645441575117,74829827536.7718,694174839.1502885,0,12953674.0,0,0,2052.6,4039.0,477.4,0.0,3625831.0,56.91734,0.0,56.91734,4.738132697661438,0.1092402677041557,396086.7490900267,1.0
2024-09-03,2534.9048168403706,304838837601.64795,12130504179.053217,0,3453707.0,0,0,0,0,0,0,526.1346608462134,76831499618.63228,965913618.7430446,0,12963589.0,0,0,2052.0,4028.0,483.0,0.0,3623666.0,53.29798,0.0,53.29798,4.8179772318427645,0.1017663143776124,368767.13335546525,1.0
2024-09-04,2437.1471557556497,293818299349.5953,9565142020.243555,0,3454340.0,0,0,0,0,0,0,518.9769919279926,75821979841.87625,811117819.4505297,0,12964870.0,0,0,2052.0,4027.0,483.0,0.0,3655325.0,52.04985,0.0,52.04985,4.696060121474135,0.1132038673373623,413796.9263749439,1.0
2024-09-05,2448.30785784089,294329412026.3932,16639700582.521397,0,3456084.0,0,0,0,0,0,0,508.0001826075747,74082271440.05545,1261230278.541177,0,12993987.0,0,0,2052.6,4039.0,477.4,0.0,3765960.0,49.44144,0.0,49.44144,4.819501924730969,0.1016241984943746,382712.66656187514,1.0
2024-09-06,2367.7700509506026,284989115168.67084,11060190870.627691,0,3455421.0,0,0,0,0,0,0,502.3364802943831,73298353535.19609,596939169.894353,0,12996699.0,0,0,2053.4,4033.4,476.6,0.0,3908799.0,49.55518,0.0,49.55518,4.7135140365737005,0.1115574117141403,436055.4993508201,1.0
2024-09-07,2223.780428382685,267574522057.00296,26087934661.284035,0,3456186.0,0,0,0,0,0,0,486.61133722783063,71044218471.2088,1186849723.1851678,0,13004433.0,0,0,2054.6,4037.8,475.2,0.0,3742477.0,33.82916,0.0,33.82916,4.569931397511839,0.1251938921165076,468535.2617865113,1.0
2024-09-08,2272.6972849951912,273350308345.93225,10405191111.340616,0,3455329.0,0,0,0,0,0,0,493.1697725825615,71876297112.53575,590890071.6126567,0,12994797.0,0,0,2055.0,4029.0,480.0,0.0,3829452.0,34.96895,0.0,34.96895,4.60834668169919,0.1215247345353552,465373.13771588536,1.0
2024-09-09,2296.4029520764498,276344419515.7602,9844980386.825493,0,3455894.0,0,0,0,0,0,0,502.47327648981104,73534080477.2485,624529866.452612,0,13004011.0,0,0,2054.0,4033.8,476.0,0.0,4011725.0,32.09229,0.0,32.09229,4.570199171822057,0.1251682629384775,502140.6496368636,1.0
2024-09-10,2359.565766831627,284026097136.9972,15874675673.552357,0,3457162.0,0,0,0,0,0,0,519.0381441947187,75762703430.44998,841883931.0358859,0,13022857.0,0,0,2052.8,4039.8,475.4,0.0,4083796.0,30.93342,0.0,30.93342,4.546035379523916,0.1274840557347817,520618.87687347864,1.0
2024-09-11,2389.4740111256497,287422889605.8082,12508388687.122389,0,3458997.0,0,0,0,0,0,0,517.371526189411,75460567584.08252,745525442.6766412,0,13050377.0,0,0,2053.0,4032.0,478.0,0.0,4088300.0,33.95963,0.0,33.95963,4.618487663449142,0.1205586932804022,492880.1057382685,1.0
2024-09-12,2342.963923694143,282041230807.9828,14692963988.99108,0,3458921.0,0,0,0,0,0,0,530.7261556082223,77464122682.9438,948969872.6117084,0,13059363.0,0,0,2054.2,4038.4,474.8,0.0,4140018.0,27.88332,0.0,27.88332,4.4146381310509595,0.1401859819785451,580372.4887388526,1.0
2024-09-13,2362.300238174588,284255194234.77527,11610780893.077024,0,3459018.0,0,0,0,0,0,0,543.9941131094093,79366643987.68835,940734076.1742952,0,13073363.0,0,0,2053.0,4031.0,475.0,0.0,4176052.0,30.96271,0.0,30.96271,4.342510665551038,0.1472388370308638,614877.039860413,1.0
2024-09-14,2445.08621032297,294131761890.3451,13122792869.978855,0,3459751.0,0,0,0,0,0,0,557.3001014335761,81324118498.18243,957150654.2350278,0,13090920.0,0,0,2054.0,4032.0,475.0,0.0,4297384.0,28.00761,0.0,28.00761,4.387378010578735,0.1428447422435501,613858.7098015565,1.0
2024-09-15,2418.0828083179904,290912717943.81995,7248493705.268602,0,3457257.0,0,0,0,0,0,0,553.4601547683208,80729550771.28122,549782251.6100315,0,13071723.0,0,0,2052.6,4037.8,476.2,0.0,4488845.0,27.80955,0.0,27.80955,4.36902781073771,0.1446391455657063,649262.705376893,1.0
2024-09-16,2322.6433317480564,279257769574.61383,9361948332.945747,0,3463508.0,0,0,0,0,0,0,553.5317684437828,80738379011.58696,739957732.7569236,0,13107596.8,0,0,2054.2,4038.4,474.8,0.0,4633438.0,26.92247,0.0,26.92247,4.196043414595718,0.1617434554352039,749428.2726647806,1.0
2024-09-17,2295.1348386540835,276339513490.21936,16629103878.54157,0,3461571.0,0,0,0,0,0,0,534.0307828642058,77951289168.31566,1185987916.239536,0,13127980.0,0,0,2054.6,4037.8,475.2,0.0,4726573.0,26.60359,0.0,26.60359,4.297757568102013,0.1516444151994346,716758.3984824372,1.0
2024-09-18,2341.0924132597524,281704536557.3961,14449511265.93516,0,3467224.8,0,0,0,0,0,0,545.8591557817873,79651662029.65852,749799587.5539025,0,13125649.0,0,0,2054.0,4033.0,473.0,0.0,4764387.0,25.56312,0.0,25.56312,4.288821371708616,0.1525268541076788,726696.9608615218,1.0
2024-09-19,2361.960992100706,283874122378.3681,17524561761.811428,0,3461569.0,0,0,0,0,0,0,559.2622033756663,81414364603.32365,800863109.7515539,0,13124272.0,0,0,2053.4,4043.8,474.6,0.0,4755433.0,21.1913,0.0,21.1913,4.223351726335303,0.1590201462847655,756209.6513074016,1.0
2024-09-20,2465.2347833172967,296680606397.51587,17820089225.37694,0,3461693.0,0,0,0,0,0,0,565.7226434773531,82508263052.88373,1072294555.0654228,0,13328514.0,0,0,2055.0,4035.0,473.0,0.0,4719445.0,25.30231,0.0,25.30231,4.3576738738335195,0.1457512958359427,687865.2243764607,1.0
2024-09-21,2557.6218555442515,307586864690.1545,18498405459.395584,0,3463226.0,0,0,0,0,0,0,568.1419699696063,82865805726.7333,749877887.8963493,0,13147699.0,0,0,2052.8,4055.2,478.2,0.0,4637738.0,19.45547,0.0,19.45547,4.501730184941408,0.1317461911996182,611004.3172817352,1.0
2024-09-22,2614.599604753501,315153052833.9301,9276102854.53634,0,3469034.6,0,0,0,0,0,0,589.1278971088337,86060631709.70407,596782454.4087572,0,13168432.0,0,0,2055.0,4035.0,473.0,0.0,4666072.0,22.50685,0.0,22.50685,4.4380848667746715,0.1379057118397791,643477.9806556621,1.0
2024-09-23,2582.847683741262,310840922229.8413,12759588941.97967,0,3465701.0,0,0,0,0,0,0,588.0008491467103,85792747967.27962,610149903.8468648,0,13166581.0,0,0,2055.0,4036.0,473.0,0.0,4715641.0,21.73959,0.0,21.73959,4.392591758140171,0.1423355925612961,671203.556041343,1.0
2024-09-24,2647.9931622033255,318666137823.1156,19740370943.83559,0,3488172.4,0,0,0,0,0,0,604.2907205092504,88128290233.23134,1300885128.817108,0,13418008.6,0,0,2052.2,4045.0,473.6,0.0,4692681.0,21.10843,0.0,21.10843,4.381985478730829,0.1433716695094207,672797.5094451379,1.0
2024-09-25,2653.844345308008,319524635350.52515,16584773336.25631,0,3468356.0,0,0,0,0,0,0,606.3196193639224,88472367696.05081,785716722.9769592,0,13181380.0,0,0,2052.2,4045.0,473.6,0.0,4148781.0,24.37872,0.0,24.37872,4.376972574451908,0.14386179261296,596851.071818589,1.0
2024-09-26,2578.566359563475,309875035203.6359,14003678832.756737,0,3475633.0,0,0,0,0,0,0,587.4528459687532,85624136607.39825,869908503.6015983,0,13283577.8,0,0,2055.2,4046.2,476.6,0.0,3013273.0,33.54066,0.0,33.54066,4.3894014255922595,0.1426471092963097,429834.6829706192,1.0
2024-09-27,2630.94983700893,316828988137.27673,16686162392.966532,0,3467115.0,0,0,0,0,0,0,596.6500568684918,87077034857.04509,1166805206.001594,0,13153432.0,0,0,2052.2,4045.0,473.6,0.0,2980237.0,34.59163,0.0,34.59163,4.409535885771013,0.1406829933063406,419268.66192230856,1.0
2024-09-28,2698.1928212346033,324681649929.6723,16468123574.12263,0,3468296.0,0,0,0,0,0,0,608.5326765533662,88777861760.9806,1210015212.5003896,0,13172894.0,0,0,2053.6,4047.2,475.8,0.0,3109917.0,37.02187,0.0,37.02187,4.433932515369174,0.1383091016171991,430129.826374055,1.0
2024-09-29,2680.218702062471,322761939149.4107,9607072594.439384,0,3469783.0,0,0,0,0,0,0,601.8844621885047,87827034865.21294,930036415.168794,0,13183782.0,0,0,2054.8,4043.4,475.6,0.0,3006919.0,37.79403,0.0,37.79403,4.453045178001374,0.136453920272707,410305.8854924881,1.0
2024-09-30,2659.611211611689,320146112155.9396,9570811494.068226,0,3471528.0,0,0,0,0,0,0,596.6124622623387,87052731975.43872,649177025.9413755,0,13233570.0,0,0,2053.0,4044.0,474.0,0.0,3477330.0,32.01206,0.0,32.01206,4.457853933400107,0.1359877829173529,472874.3971719988,1.0
2024-10-01,2597.3411516834435,312577514239.3695,17539259209.42195,0,3473456.0,0,0,0,0,0,0,566.6132996895035,82687696155.70758,844868785.4516878,0,13254747.0,0,0,2057.2,4045.4,478.2,0.0,3647194.0,29.67734,0.0,29.67734,4.583974913943516,0.1238507723784756,451707.79391414206,1.0
2024-10-02,2451.631522589772,295243912099.71765,26538568534.282005,0,3474838.0,0,0,0,0,0,0,547.6662085850359,79897582813.02779,1303622283.1272783,0,13259259.0,0,0,2055.0,4043.0,474.0,0.0,3634310.0,29.71262,0.0,29.71262,4.476506828719392,0.1341820366924881,487659.11777187674,1.0
2024-10-03,2365.231040243019,284621591999.18945,20613586399.40693,0,3475166.0,0,0,0,0,0,0,542.1361610816159,79089065108.12651,962211853.267934,0,13254382.0,0,0,2053.8,4046.6,474.4,0.0,4687384.0,30.15642,0.0,30.15642,4.36279888713593,0.1452491070977204,680838.3406241412,1.0
2024-10-04,2348.0048369247393,282601960212.3656,18771995105.19124,0,3474480.0,0,0,0,0,0,0,543.9268634322848,79356570336.31575,717224492.2556725,0,13251194.0,0,0,2055.0,4044.0,474.0,0.0,4679122.0,29.30088,0.0,29.30088,4.316765717560574,0.1497704287498655,700794.1081129285,1.0
2024-10-05,2416.9184055552637,290928251441.44226,15230883994.399237,0,3474133.0,0,0,0,0,0,0,555.7319512863536,81042254268.0583,642933307.385025,0,13231907.0,0,0,2055.0,4045.0,474.0,0.0,4917620.0,30.32568,0.0,30.32568,4.349072246000646,0.1465948145631206,720897.5919918932,1.0
2024-10-06,2415.4038137445546,290706276902.6144,7362867897.959902,0,3474418.0,0,0,0,0,0,0,563.0576257615133,82114177423.76372,398503138.46767455,0,13219819.0,0,0,2053.2,4041.6,476.0,0.0,5775955.0,30.32568,0.0,30.32568,4.289798598283463,0.1524303093885689,880430.6076644517,1.0
2024-10-07,2438.030912544012,293516242471.9333,7641011283.520121,0,3476252.0,0,0,0,0,0,0,570.3887106812168,83265317975.27345,460824875.5819792,0,13228897.0,0,0,2052.0,4044.4,476.6,0.0,5691293.0,30.32568,0.0,30.32568,4.274332340190017,0.1539595849536614,876229.1081296789,1.0
2024-10-08,2422.7506412955013,291612805733.03143,16943828822.371426,0,3478491.0,0,0,0,0,0,0,564.5530144089458,82362634345.85994,822476319.5850166,0,13252582.0,0,0,2056.0,4050.0,474.0,0.0,5694138.0,30.32568,0.0,30.32568,4.291449304954965,0.1522672534379251,867030.7539565201,1.0
2024-10-09,2441.4651696200294,294190554781.40424,13601054198.545612,0,3480780.0,0,0,0,0,0,0,580.5834563804233,84738393992.16469,812293173.272375,0,13263985.0,0,0,2056.0,4050.0,474.0,0.0,5596981.0,30.32568,0.0,30.32568,4.205192453882593,0.1608300871314039,900162.9419028121,1.0
2024-10-10,2367.615096789395,285084590935.4484,14384326799.317202,0,3482136.0,0,0,0,0,0,0,570.4233445375069,83220162034.19997,1120320879.4039862,0,13275598.0,0,0,2056.0,4052.0,474.0,0.0,5627233.0,30.32568,0.0,30.32568,4.150627984394699,0.1662921874360753,935764.8847824684,1.0
2024-10-11,2381.7817088014776,286552629874.8065,14686776834.298496,0,3482940.0,0,0,0,0,0,0,562.2876092184791,82021809492.13783,666418337.8417825,0,13281639.0,0,0,2053.8,4047.4,474.8,0.0,5670455.0,30.32568,0.0,30.32568,4.235877991535159,0.1577739160591894,894649.891187411,1.0
2024-10-12,2435.713784369216,293162664953.97815,13097241431.234644,0,3485143.0,0,0,0,0,0,0,572.6973782181188,83546567873.48314,726487414.3748224,0,13297846.0,0,0,2054.0,4047.2,474.8,0.0,5636094.0,12.22901,0.0,12.22901,4.253055587486109,0.1560679200687358,879613.4678918816,1.0
2024-10-13,2477.6130275578225,298282533565.2097,8538997411.470292,0,3486077.0,0,0,0,0,0,0,576.4218063678553,84061595901.47354,514250584.25048655,0,13303986.0,0,0,2051.4,4050.6,475.4,0.0,5592540.0,12.22901,0.0,12.22901,4.298263875840747,0.1515944453789763,847797.9995597405,1.0
2024-10-14,2466.8607267086663,296977636559.92773,7516544091.44527,0,3489267.0,0,0,0,0,0,0,572.0464555145396,83416290893.81396,504380355.1480061,0,13299074.0,0,0,2049.0,4054.0,474.0,0.0,5601684.0,12.22901,0.0,12.22901,4.312343347167137,0.1502060550760215,841406.8554224689,1.0
2024-10-15,2628.504376157751,316451494816.54065,21502937840.286705,0,3488042.0,0,0,0,0,0,0,588.7145782741194,85928412504.44931,922914192.4897504,0,13311200.0,0,0,2049.0,4055.0,474.0,0.0,6072000.0,12.09701,0.0,12.09701,4.464819580081567,0.1353130126428882,821620.6127676171,1.0
2024-10-16,2602.0760435960988,313216116600.22363,21986428173.14599,0,3489602.0,0,0,0,0,0,0,593.7859585166118,86636583192.31186,1133724407.1369383,0,13386449.0,0,0,2049.0,4055.0,474.0,0.0,6047483.0,12.09701,0.0,12.09701,4.3821784706673945,0.1433528058526406,866923.6563961449,1.0
2024-10-17,2611.700159182395,314435102932.4304,16135687550.25065,0,3490359.0,0,0,0,0,0,0,600.7171299370192,87633144279.6967,941867678.3498796,0,13530256.0,0,0,2055.2,4044.6,475.8,0.0,6063058.0,12.10572,0.0,12.10572,4.347637230615036,0.1467356205258272,889666.5779140809,1.0
2024-10-18,2603.1202923346113,313194633306.5954,14330391810.475258,0,3490302.0,0,0,0,0,0,0,592.06562034803,86333076752.49678,727488240.0562967,0,13527780.0,0,0,2055.2,4044.6,475.8,0.0,3669998.0,12.05253,0.0,12.05253,4.396675305694048,0.1419370237905544,520908.593437287,1.0
2024-10-19,2643.156520987104,318245706033.605,16301885114.203026,0,3491047.0,0,0,0,0,0,0,599.7937020052995,87513331879.36797,620458607.0386341,0,13527072.0,0,0,2052.2,4045.0,473.6,0.0,3665272.0,11.43698,0.0,11.43698,4.406776050082217,0.1409519496092487,516627.2342481903,1.0
2024-10-20,2649.979289580214,318975355966.1185,7337169826.464913,0,3491382.0,0,0,0,0,0,0,598.0584515713127,87250625179.78609,366372731.7293214,0,13522748.0,0,0,2058.4,4038.0,478.0,0.0,3249109.0,11.10809,0.0,11.10809,4.430970388626352,0.1385969797121218,450316.6941554724,1.0
2024-10-21,2742.9591411600395,330127637903.2564,12697856633.57132,0,3493244.0,0,0,0,0,0,0,604.7364465668796,88195432727.09534,403326085.9419088,0,13526942.0,0,0,2049.0,4058.0,475.0,0.0,3265608.0,11.20131,0.0,11.20131,4.53579266923957,0.1284675465058492,419524.6476098733,1.0
2024-10-22,2665.731938974013,320871813296.62164,17340865615.868176,0,3478182.8,0,0,0,0,0,0,598.8441916110455,87325520925.89667,729415389.1626027,0,13311890.8,0,0,2051.0,4049.4,474.0,0.0,3263005.0,17.82839,0.0,17.82839,4.451461626107628,0.1366074771723895,445750.8810508929,1.0
2024-10-23,2619.5653130506435,315286963217.6233,15418370745.51069,0,3494701.0,0,0,0,0,0,0,593.2537357882547,86532749174.40143,793524643.3617057,0,13539485.0,0,0,2055.2,4044.6,475.8,0.0,3349249.0,19.0838,0.0,19.0838,4.415590084013603,0.1400932837371856,469207.29046348535,1.0
2024-10-24,2524.1038563091197,303758669310.65466,19004341635.326817,0,3489575.0,0,0,0,0,0,0,584.5160075603742,85255197630.47481,784000933.3228502,0,13528205.0,0,0,2049.0,4059.0,476.0,0.0,3406107.0,19.84933,0.0,19.84933,4.3182801217782,0.1496213034064062,509626.1688816841,1.0
2024-10-25,2536.234041319884,305016120148.3843,16708110976.636312,0,3494666.0,0,0,0,0,0,0,594.325893184941,86710819325.42433,644617281.7623655,0,13531988.0,0,0,2049.0,4059.0,476.0,0.0,3403778.0,18.08073,0.0,18.08073,4.267412997485984,0.15464465272289,526376.0667558133,1.0
2024-10-26,2422.09328922875,290598017399.4684,23734197478.80743,0,3494505.0,0,0,0,0,0,0,573.5027977179195,83449711140.45877,881784218.7704451,0,13533519.0,0,0,2054.0,4046.4,474.4,0.0,3331352.0,16.06854,0.0,16.06854,4.2233329965725295,0.1590220110797959,529758.2946547004,1.0
2024-10-27,2479.3736032443317,298518432454.89374,13434262241.34632,0,3494521.0,0,0,0,0,0,0,582.7002844268627,85017771621.24681,522130327.4992685,0,13521395.0,0,0,2049.0,4058.0,477.0,0.0,3308240.0,15.86671,0.0,15.86671,4.254972358015948,0.1558777694946665,515681.0721530358,1.0
2024-10-28,2505.502947138879,301656245036.7335,8656317174.654642,0,3495547.0,0,0,0,0,0,0,588.3466587883522,85827006527.09506,441842652.54891616,0,13316716.6,0,0,2049.8,4051.4,477.4,0.0,3322328.0,15.26239,0.0,15.26239,4.258548781935365,0.1555230897725876,516698.71579798165,1.0
2024-10-29,2564.8138556782997,308760527470.31,19560694034.693996,0,3497509.0,0,0,0,0,0,0,600.2951565105121,87554214286.16765,644392069.212074,0,13548466.0,0,0,2050.2,4053.4,475.2,0.0,3311023.0,15.46907,0.0,15.46907,4.272587955877311,0.1541322400158102,510335.39173386816,1.0
2024-10-30,2638.637351278122,317633905084.8851,22541317733.245987,0,3497317.0,0,0,0,0,0,0,605.9923660648295,88414948715.28604,1073038597.5710328,0,13545715.0,0,0,2054.8,4046.4,476.0,0.0,3322355.0,15.14167,0.0,15.14167,4.354241899799508,0.1460877525012611,485355.3749613275,1.0
2024-10-31,2657.6141818494384,320125387602.99,22790792400.863556,0,3496100.0,0,0,0,0,0,0,595.7628311131087,86969500510.24303,850312506.2658379,0,13524676.0,0,0,2054.8,4045.0,478.4,0.0,3280825.0,16.51873,0.0,16.51873,4.460859326997652,0.1356965823405996,445196.7397575979,1.0
2024-11-01,2514.750787241073,302903644448.69275,20097565241.562813,0,3496616.0,0,0,0,0,0,0,575.5827350716986,84000613909.2605,1036949641.1860024,0,13522903.0,0,0,2049.0,4058.0,477.0,0.0,3229100.0,14.51459,0.0,14.51459,4.369051804390585,0.1446367968505989,467046.680710269,1.0
2024-11-02,2513.8372870612066,302633410028.4328,20396109310.40712,0,3495858.0,0,0,0,0,0,0,572.9178309294414,83572294995.76315,893454861.8709445,0,13515091.0,0,0,2049.0,4058.0,477.0,0.0,3002316.0,14.30186,0.0,14.30186,4.387779802529487,0.1428054944060343,428747.2207431473,1.0
2024-11-03,2491.352150058657,299972542553.578,8253307127.229915,0,3493938.0,0,0,0,0,0,0,568.1788705867822,82889818185.21948,613502646.373791,0,13495337.0,0,0,2049.0,4059.0,477.0,0.0,2980792.0,14.30186,0.0,14.30186,4.3848025314382655,0.1430963628641769,426540.4936546357,1.0
2024-11-04,2456.979687344711,296080479788.81036,14546539750.496365,0,3476377.6,0,0,0,0,0,0,557.9719388092819,81477370371.82082,807471288.4620364,0,13285345.6,0,0,2049.0,4059.0,477.0,0.0,2983980.0,14.30186,0.0,14.30186,4.403410846409107,0.1412800152666583,421576.73995540314,1.0
2024-11-05,2395.9472139132804,288417039274.4664,17316680977.698635,0,3495791.0,0,0,0,0,0,0,552.0002698236904,80509315395.44171,876900503.1809891,0,13491061.0,0,0,2049.0,4059.0,477.0,0.0,3005052.0,14.30186,0.0,14.30186,4.34048196150076,0.1474380538270974,443059.0185292267,1.0
2024-11-06,2422.368479855642,291680535424.015,18024855703.904736,0,3497484.0,0,0,0,0,0,0,563.1815855751432,82160078279.30705,782468123.611863,0,13513688.0,0,0,2053.8,4044.2,474.6,0.0,2937954.0,14.30186,0.0,14.30186,4.301221030481357,0.1513026490716527,444520.2230506583,1.0
2024-11-07,2720.6217450068793,327447580506.6538,42388106411.06861,0,3498285.0,0,0,0,0,0,0,591.1691503275006,86248682357.26794,1832779153.4980664,0,13525409.0,0,0,2049.0,4059.0,477.0,0.0,2872506.0,14.30186,0.0,14.30186,4.602103718537559,0.1221199748418017,350790.36045292445,1.0
2024-11-08,2894.9718733838376,348640981227.00085,36844374455.9351,0,3501804.0,0,0,0,0,0,0,598.6118114741502,87331183563.1823,1140184047.2747588,0,13554409.0,0,0,2049.2,4058.2,478.6,0.0,2959536.0,10.57603,0.0,10.57603,4.836142250943292,0.1000746208614086,296174.4431256898,1.0
2024-11-09,2960.9593369382137,356482981903.24994,33688997426.40259,0,3502144.0,0,0,0,0,0,0,598.0540120171064,87226205424.11293,1097148719.9339457,0,13563034.0,0,0,2049.2,4058.2,478.6,0.0,2955168.0,14.3395,0.0,14.3395,4.950989839448682,0.0894517084687182,264344.82641208504,1.0
2024-11-10,3130.035524073996,376942816358.42664,30583711140.36284,0,3500459.0,0,0,0,0,0,0,623.0345147169824,91086187582.46588,2289560529.6535926,0,13537727.0,0,0,2049.0,4059.0,477.0,0.0,2949340.0,14.55907,0.0,14.55907,5.023855741757479,0.0827757116350665,244133.71735376728,1.0
2024-11-11,3191.9044555518153,384143201744.36383,47726595161.32535,0,3501918.0,0,0,0,0,0,0,628.4982208915301,91619975451.01256,2637125258.8770103,0,13538220.0,0,0,2049.0,4057.6,478.6,0.0,2934651.0,13.42621,0.0,13.42621,5.078621306237067,0.0777898847397675,228286.1630414436,1.0
2024-11-12,3372.7914863430115,407462829811.2162,62390436438.24982,0,3504025.0,0,0,0,0,0,0,655.001920202732,95953859311.81076,1582512409.978541,0,13546737.0,0,0,2048.0,4060.0,477.0,0.0,2939127.0,13.05974,0.0,13.05974,5.149284883468871,0.0713962648845741,209842.68982140385,1.0
2024-11-13,3260.934386131155,392233485413.7434,60074013245.45247,0,3507497.0,0,0,0,0,0,0,629.1405449090754,91663556242.0732,3680447411.470419,0,13568853.0,0,0,2048.0,4069.0,477.0,0.0,2935877.0,12.99503,0.0,12.99503,5.183157265126557,0.0683470586797294,200658.55759546807,1.0
2024-11-14,3191.8991843987947,384320615296.6757,65592582441.25777,0,3511114.0,0,0,0,0,0,0,620.6711241408003,90601254693.01842,3088847318.0117497,0,13593484.0,0,0,2048.0,4069.0,477.0,0.0,3069109.0,12.74254,0.0,12.74254,5.142657778412625,0.0719940115571928,220957.46881628464,1.0
2024-11-15,3059.812296932496,367484509623.6447,37531565153.535194,0,3511379.0,0,0,0,0,0,0,620.7149581494238,90438980537.17252,3102474990.626613,0,13602879.0,0,0,2048.2,4065.6,477.0,0.0,3017128.0,13.14539,0.0,13.14539,4.929496634099016,0.0914302913599341,275856.8921102155,1.0
2024-11-16,3093.913043390382,372487751993.4989,33076552515.401417,0,3550565.0,0,0,0,0,0,0,618.5720978479429,90211289977.11554,2050272135.7677736,0,13587132.0,0,0,2048.0,4065.0,477.0,0.0,2825870.0,9.80865,0.0,9.80865,5.001701586855161,0.0848003299405246,239634.70836903044,1.0
2024-11-17,3133.8802234191417,376904025324.1912,26503107468.25979,0,3545057.0,0,0,0,0,0,0,622.5200094288792,90600287238.66862,1452900658.074677,0,13574660.0,0,0,2048.0,4067.0,477.0,0.0,2864069.0,9.241,0.0,9.241,5.034183923331667,0.0818333681808981,234376.41297249676,1.0
2024-11-18,3075.534532601624,370225690651.5099,28547657381.28478,0,3539266.2,0,0,0,0,0,0,617.8473040647104,90046308523.15709,1828130470.576308,0,13586417.0,0,0,2048.0,4067.0,477.0,0.0,3741976.0,6.36431,0.0,6.36431,4.9778230193256725,0.0869875658258253,325505.3836186586,1.0
2024-11-19,3209.4239073326826,386129534586.85486,35364731417.99857,0,3547564.0,0,0,0,0,0,0,619.6636009849202,90317334784.22472,1651371565.818097,0,13608140.0,0,0,2048.0,4070.0,477.0,0.0,3454171.0,5.28389,0.0,5.28389,5.179300353016516,0.068693755880165,237279.97944234547,1.0
2024-11-20,3112.9098010150224,374925759373.2606,29767245881.040333,0,3549276.0,0,0,0,0,0,0,615.9180341474424,89864910340.94922,1388983815.5660732,0,13624527.0,0,0,2048.0,4070.0,477.0,0.0,3493668.0,6.54947,0.0,6.54947,5.05409750718524,0.0800191771622466,279560.43863807176,1.0
2024-11-21,3075.193856649331,370266265216.9245,29508936260.34687,0,3550974.0,0,0,0,0,0,0,607.2954246379498,88607714965.0514,1559086629.2346592,0,13630187.0,0,0,2048.2,4065.6,477.0,0.0,3505112.0,7.14179,0.0,7.14179,5.063752717193059,0.0791408433143791,277397.51959134993,1.0
2024-11-22,3365.9369715466096,405284044226.1196,55714132904.97961,0,3539455.6,0,0,0,0,0,0,623.5047261063257,90962065583.55013,2343280028.8742757,0,13635745.0,0,0,2048.0,4070.0,477.0,0.0,3458862.0,7.27717,0.0,7.27717,5.398414527771549,0.0491980119530865,170169.134020077,0.0
2024-11-23,3327.7571951719624,400787854559.3274,36536922518.79305,0,3553463.0,0,0,0,0,0,0,633.0202588832259,92349194787.00644,1846338179.2677584,0,13639079.0,0,0,2048.6,4080.2,476.8,0.0,3463725.0,7.14606,0.0,7.14606,5.2569521251070075,0.0617383247207794,213844.57879348175,1.0
2024-11-24,3394.036961782547,408448492183.1955,42885423857.47691,0,3556295.0,0,0,0,0,0,0,651.5324156029599,95008979222.82204,3373812879.967069,0,13657134.0,0,0,2048.0,4072.0,477.0,0.0,3431045.0,6.87326,0.0,6.87326,5.209314042558481,0.0659992260596552,226446.31457584983,1.0
2024-11-25,3368.7027619429946,405718851021.4928,30123422893.99126,0,3557060.0,0,0,0,0,0,0,661.6867306484445,96535188283.16573,2917371682.838013,0,13662530.0,0,0,2048.0,4074.0,477.0,0.0,3321002.0,0.0,0.0,0.0,5.091084052179359,0.0766590435818975,254584.83705356895,1.0
2024-11-26,3417.291223691937,411314588853.1775,53625394443.87371,0,3558718.0,0,0,0,0,0,0,635.2624284539559,92608753001.29962,2394918621.268695,0,13674413.0,0,0,2048.0,4073.0,477.0,0.0,3417892.0,7.18542,0.0,7.18542,5.379337846263993,0.0508794499875372,173900.46507680364,1.0
2024-11-27,3325.636532587645,400706261382.18384,41896722105.13149,0,3560933.0,0,0,0,0,0,0,613.7254260217858,89577669155.71219,2494275590.5107102,0,13691574.0,0,0,2048.0,4071.8,477.0,0.0,3399947.0,0.0,0.0,0.0,5.418769357731633,0.0474071894905296,161181.93168675795,0.0
2024-11-28,3666.188490437756,441632729137.7082,48465294233.32744,0,3560891.0,0,0,0,0,0,0,645.1514917318507,94131145638.41046,1940704254.0273583,0,13717774.0,0,0,2048.0,4074.0,477.0,0.0,3429034.0,8.20004,0.0,8.20004,5.682678467651382,0.024485996119152,83963.31321644037,0.0
2024-11-29,3579.2407862474997,431207272220.64014,33082767875.13153,0,3561802.0,0,0,0,0,0,0,654.5913158519834,95461592953.30748,2381977222.083153,0,13702925.0,0,0,2049.2,4071.2,478.4,0.0,3496965.0,8.70873,0.0,8.70873,5.467901421192761,0.0430983478466032,150713.413977397,0.0
2024-11-30,3598.1933212253616,433361301691.3607,28800628431.21762,0,3538260.0,0,0,0,0,0,0,654.771684845135,95500304653.1518,1553941107.9797518,0,13709257.0,0,0,2048.0,4076.0,477.0,0.0,3490677.0,8.85897,0.0,8.85897,5.495340443862347,0.0407003905250185,142071.91709670002,0.0
2024-12-01,3709.9094391073327,446851521665.9131,31961998508.230377,0,3557570.0,0,0,0,0,0,0,655.0341088639733,95585516151.45091,1682644261.813791,0,13709358.0,0,0,2048.6,4079.8,477.0,0.0,3466539.0,8.65759,0.0,8.65759,5.663688942155141,0.0261172734918587,90536.54713319462,0.0
2024-12-02,3708.8072387383017,446664514864.58777,29705280034.45904,0,3560039.0,0,0,0,0,0,0,655.7348886381908,95646063853.98654,1465006765.1405237,0,13716455.2,0,0,2048.6,4079.8,477.0,0.0,3495579.0,0.0,0.0,0.0,5.655955330424211,0.0267824056849281,93620.01488171556,0.0
2024-12-03,3643.855375704235,438825980701.30023,49031522663.40944,0,3562404.0,0,0,0,0,0,0,647.1199397363577,94366844096.0861,2373999130.8716054,0,13728936.0,0,0,2048.0,4079.0,477.0,0.0,3500653.0,8.33416,0.0,8.33416,5.630881003587641,0.0289420657867883,101316.12942271808,0.0
2024-12-04,3625.71045794972,436691206026.36835,39557549415.34987,0,3562157.0,0,0,0,0,0,0,740.0349367441655,108108300474.1748,4567002669.157179,0,13717581.8,0,0,2048.4,4079.4,477.0,0.0,3456198.0,8.37092,0.0,8.37092,4.899377418451731,0.094210223861886,325609.18729100283,1.0
2024-12-05,3839.443460715871,462490222624.56714,59744855714.19937,0,3556782.0,0,0,0,0,0,0,736.4426842404933,107467583157.48167,6355347042.361618,0,13714138.0,0,0,2048.0,4079.0,477.0,0.0,3378516.0,7.80263,0.0,7.80263,5.213499356946642,0.065624099700164,221712.07082259937,1.0
2024-12-06,3796.868867160128,457067221118.4413,64995601294.502495,0,3560932.2,0,0,0,0,0,0,719.7623500626481,104903980762.58746,3821183229.578941,0,13721459.0,0,0,2048.4,4080.4,477.0,0.0,3389460.0,7.22095,0.0,7.22095,5.275170154189989,0.0601139524184018,203753.83716407648,1.0
2024-12-07,4013.726145388712,483422504163.839,55954471926.67034,0,3558931.0,0,0,0,0,0,0,732.5424290130477,106872608667.21408,2720943421.976397,0,13708757.0,0,0,2048.6,4081.8,477.0,0.0,3382378.0,7.12815,0.0,7.12815,5.479172245075816,0.0421126389659504,142440.86356037343,0.0
2024-12-08,4000.992076502189,481889176555.6843,21959792763.543846,0,3551897.0,0,0,0,0,0,0,750.2454938747231,109451466413.20236,1748135790.7778006,0,13692687.0,0,0,2048.6,4080.4,477.0,0.0,3369144.0,8.17503,0.0,8.17503,5.332910506184632,0.0549841032332941,185249.36150383364,1.0
2024-12-09,4015.7820212328807,483642898147.5037,20728146237.12733,0,3553599.0,0,0,0,0,0,0,745.3758374040211,108738492023.74458,1318662772.5807214,0,13688999.0,0,0,2048.0,4081.0,477.0,0.0,3366740.0,6.82177,0.0,6.82177,5.38759350614176,0.0501514224267189,168846.7999409319,1.0
2024-12-10,3713.3138979971745,446571271919.9886,59141397866.09827,0,3561254.6,0,0,0,0,0,0,688.0073673187646,100338665906.47128,3134677046.188991,0,13721459.0,0,0,2048.0,4081.0,477.0,0.0,3380543.0,7.65558,0.0,7.65558,5.397200777759605,0.0493049045224223,166677.3498489431,0.0
2024-12-11,3626.588641777499,436749626813.98615,63643513993.15369,0,3558078.0,0,0,0,0,0,0,675.4213801221093,98534549902.19531,3017514510.6277456,0,13710218.0,0,0,2048.0,4081.0,477.0,0.0,3388039.0,6.73045,0.0,6.73045,5.36937199281706,0.0517590360555736,175361.63275868964,1.0
2024-12-12,3828.1075883404096,461075934206.2153,38471623681.40909,0,3559751.0,0,0,0,0,0,0,710.6900184753106,103655308925.02592,1903416575.806963,0,13727093.0,0,0,2048.6,4080.0,477.0,0.0,3469979.0,8.51699,0.0,8.51699,5.386465953965552,0.0502508230099381,174369.30057720203,1.0
2024-12-13,3878.850012073054,466883095805.38696,47474608675.336655,0,3560792.0,0,0,0,0,0,0,705.6789649754452,102923886014.42323,1993906415.0291083,0,13716570.0,0,0,2048.6,4080.4,477.0,0.0,3532237.0,8.16784,0.0,8.16784,5.496621274814423,0.0405886022693204,143368.56271397776,0.0
2024-12-14,3907.429659505336,470469907671.53613,36218321642.49857,0,3561465.0,0,0,0,0,0,0,726.77223065721,105993649633.03232,1900492715.31541,0,13719490.0,0,0,2048.6,4080.4,477.0,0.0,3538951.0,7.76276,0.0,7.76276,5.3764157389061245,0.0511372706490167,180972.29510060843,1.0
2024-12-15,3866.995802034806,465713274663.6432,28647722345.409325,0,3564001.0,0,0,0,0,0,0,715.4486038130365,104445915284.71416,1302217718.8769124,0,13731800.0,0,0,2049.0,4083.0,477.0,0.0,3795558.0,7.01541,0.0,7.01541,5.404994546673744,0.0486187317066064,184535.21607886383,0.0
2024-12-16,3961.3154661802305,477323245356.1555,24816850994.80954,0,3558142.6,0,0,0,0,0,0,722.5581932063777,105502278026.93062,1087890178.982156,0,13718244.6,0,0,2048.6,4080.4,477.0,0.0,3867510.0,7.48539,0.0,7.48539,5.482348001067916,0.0418350809949499,161797.5940987788,0.0
2024-12-17,3992.857195846062,480940541314.61334,50679799770.94302,0,3568067.0,0,0,0,0,0,0,720.6829341808788,105222651998.97408,1589415330.8598354,0,13755954.0,0,0,2050.0,4085.0,477.0,0.0,3848562.0,7.68264,0.0,7.68264,5.540379834835835,0.0367772393818908,141539.48595004846,0.0
2024-12-18,3879.4062240100898,467508439297.98755,32823036037.584606,0,3559581.2,0,0,0,0,0,0,715.6520089733765,104491787287.6456,1610321650.477661,0,13758247.0,0,0,2048.6,4080.4,477.0,0.0,3844123.0,7.46592,0.0,7.46592,5.420799739771862,0.0472287406524498,181553.0882031175,0.0
2024-12-19,3628.2624780444953,436893612673.4018,50734709374.83128,0,3568118.0,0,0,0,0,0,0,687.6624331507581,100187667140.30516,2203892490.9307804,0,13737433.0,0,0,2050.0,4087.0,477.0,0.0,3744876.0,6.89464,0.0,6.89464,5.276226100385305,0.0600198872597834,224767.03532186887,1.0
2024-12-20,3434.6754695380805,413858693686.69867,64452959600.86389,0,3570743.0,0,0,0,0,0,0,669.0228793928828,97651283337.43568,2614960154.253572,0,13751637.0,0,0,2048.4,4072.8,477.0,0.0,3797312.0,6.92809,0.0,6.92809,5.133868474954011,0.0727873770358422,276396.3802667282,1.0
2024-12-21,3468.658920056454,417562064054.3703,72936574193.4554,0,3572292.0,0,0,0,0,0,0,677.8485768483023,98743426119.72449,2728589291.527378,0,13760095.0,0,0,2050.0,4089.0,477.0,0.0,3775307.0,6.54648,0.0,6.54648,5.117158962233412,0.0742975343834193,280496.0016404638,1.0
2024-12-22,3337.5972231166807,401314595520.45166,32479699770.041058,0,3571780.0,0,0,0,0,0,0,662.4248813776467,96521740245.10835,1631846083.385121,0,13752527.0,0,0,2048.6,4080.2,476.8,0.0,3685019.0,6.39838,0.0,6.39838,5.038453894086031,0.0814440584406535,300122.90279091854,1.0
2024-12-23,3275.8894274015142,394984656581.5222,25811397925.979923,0,3576050.0,0,0,0,0,0,0,648.5721398402843,94636666608.3006,1137478924.2738469,0,13774262.0,0,0,2050.0,4092.0,477.0,0.0,3580964.0,6.38478,0.0,6.38478,5.0509252960021165,0.0803079360874899,287579.82804360247,1.0
2024-12-24,3414.6414419807993,411423031050.5532,35528067791.09896,0,3564903.6,0,0,0,0,0,0,692.2861092311789,101000768912.15712,1945323070.2555032,0,13701098.6,0,0,2049.0,4070.6,478.2,0.0,3591055.0,6.21537,0.0,6.21537,4.932413631371201,0.0911615110360363,327366.0000135134,1.0
2024-12-25,3497.555287927574,420708095541.6798,24085249644.32143,0,3580219.0,0,0,0,0,0,0,697.9537563672064,101662325640.72516,1163427672.65241,0,13783539.0,0,0,2049.0,4091.0,476.0,0.0,3567789.0,6.31382,0.0,6.31382,5.011156191969036,0.0839357475461487,299465.0368019265,1.0
2024-12-26,3494.5109273631047,421029544401.6013,17503804977.00058,0,3492492.6,0,0,0,0,0,0,702.3466001659357,102473517266.88692,788266049.0921909,0,13769247.0,0,0,2049.4,4049.4,481.4,0.0,3523904.0,6.26313,0.0,6.26313,4.975479238509156,0.0872025345952703,307293.3604704117,1.0
2024-12-27,3327.78977616835,401038436756.22626,21239977785.94795,0,3581482.0,0,0,0,0,0,0,687.5178696037362,100313525889.4936,1081113208.9599752,0,13783247.0,0,0,2049.0,4093.0,476.0,0.0,3547465.0,5.95361,0.0,5.95361,4.840295682912771,0.0996882616044114,353640.61895249353,1.0
2024-12-28,3328.6111553091764,400705550098.4306,24582312087.17412,0,3582444.0,0,0,0,0,0,0,690.3639423450093,100706722790.1643,1083410181.1553583,0,13788145.0,0,0,2049.0,4090.2,476.4,0.0,3558575.0,5.88012,0.0,5.88012,4.8215310087062795,0.1014351034233063,360964.42316459224,1.0
2024-12-29,3397.8341205085153,409451576910.996,13861298668.649796,0,3583373.0,0,0,0,0,0,0,720.5679127131004,105195880146.45,1060863183.0711348,0,13779840.0,0,0,2049.0,4096.0,476.0,0.0,3545639.0,5.93368,0.0,5.93368,4.715494626613201,0.1113707722219665,394880.5534503213,1.0
2024-12-30,3357.330742971463,404459649875.75726,11315432322.371536,0,3526063.0,0,0,0,0,0,0,694.4826804506174,101318707630.7003,760246771.2998646,0,13139294.8,0,0,2049.0,4096.0,476.0,0.0,3627270.0,5.95045,0.0,5.95045,4.834290094596812,0.1002469650600815,363622.8089534821,1.0
2024-12-31,3359.513941757392,404631151447.3196,27664137021.813133,0,3585920.0,0,0,0,0,0,0,703.1066174310417,102466478284.721,994264720.23036,0,13794223.0,0,0,2049.0,4089.2,476.4,0.0,3570541.0,5.66691,0.0,5.66691,4.778100302955663,0.1054912411168972,376660.80154876737,1.0
2025-01-01,3336.6175137659498,401972899891.29846,21466394178.61746,0,3578055.8,0,0,0,0,0,0,701.5723264012628,102376145921.80864,1545176749.5279117,0,13761597.0,0,0,2049.0,4090.2,476.4,0.0,3567980.0,5.66179,0.0,5.66179,4.755913807035739,0.1075704258784858,383809.12812592,1.0
