date,ethereum_current_price_usd,ethereum_market_cap_usd,ethereum_total_volume_usd,ethereum_facebook_likes,ethereum_twitter_followers,ethereum_reddit_subscribers,ethereum_alexa_rank,ethereum_forks,ethereum_stars,ethereum_subscribers,ethereum_total_issues,binance coin_current_price_usd,binance coin_market_cap_usd,binance coin_total_volume_usd,binance coin_facebook_likes,binance coin_twitter_followers,binance coin_reddit_subscribers,binance coin_alexa_rank,binance coin_forks,binance coin_stars,binance coin_subscribers,binance coin_total_issues,tvlUsd,apy,apyBase,apyReward
2024-07-05,3069.0434008340803,369571668593.03217,19209988737.688694,,3424907.0,,,,,,,513.9453755496933,79274495247.43005,1545553921.1939452,,11848255.0,,,,,,,57065,0.86399,0.86399,0.0
2024-07-06,2984.398102498264,358878418412.549,31755421068.593773,,,,,,,,,498.62196780135304,76714273647.3038,2604851068.3584733,,11862670.0,,,,,,,1867349,13.88148,13.88148,0.0
2024-07-07,3066.247437954064,368279414918.9943,9871087552.273798,,3424521.0,,,,,,,527.4566371635227,81193238739.26189,775622840.4010627,,11850916.0,,,,,,,2070796,48.13586,48.13586,0.0
2024-07-08,2928.6012310061665,350977454882.58325,10243406181.924892,,,,,,,,,489.8966088738004,75281277003.41962,886962556.251936,,,,,,,,,2249955,7.50548,7.50548,0.0
2024-07-09,3016.0833537946064,362836336467.41907,20819810746.374283,,3427090.0,,,,,,,510.23246278627056,78514420114.3121,1586231681.331875,,11870560.0,,,,,,,2145602,2.07485,2.07485,0.0
2024-07-10,3064.0923605197886,368733224976.19775,14902982165.592142,,,,,,,,,516.6700504533386,79558013405.23064,741939896.1615809,,11897770.0,,,,,,,2146561,8.32967,8.32967,0.0
2024-07-11,3099.7101861313545,372867773189.40076,14523237728.597153,,3428515.0,,,,,,,524.2934683955484,80718169616.7678,846017353.3708689,,11870077.0,,,2047.0,4015.0,485.0,137.0,2177271,12.77915,12.77915,0.0
2024-07-12,3102.0902302291074,372384838887.21234,14058546522.739754,,,,,,,,,525.4243568486237,80735885200.94586,807513195.2972174,,,,,,,,,2109901,0.0,0.0,0.0
2024-07-13,3132.980838609695,376300269815.6458,12435435678.409641,,3429077.0,,,,,,,533.79693592098,82091505746.59743,796401058.1368024,,11873079.0,,,,,,,2169740,0.0,0.0,0.0
2024-07-14,3173.5042341380185,381711250543.1549,7830621980.637015,,3427955.0,,,,,,,531.8300862413389,81949861356.44743,628511639.0220709,,11870392.0,,,,,,,2162582,0.0,0.0,0.0
2024-07-15,3252.654184707363,391583812600.5758,9867236520.521011,,3430371.0,,,,,,,544.9923777318921,83985308455.3087,594170752.2167687,,11873894.0,,,,,,,2645233,0.0,0.0,0.0
2024-07-16,3488.5387580277174,419316550609.62476,18368344859.430637,,3431670.0,,,,,,,586.5021629410871,90237693987.10373,1118557940.60654,,11884662.0,,,2048.0,4019.0,485.0,0.0,2796772,0.0,0.0,0.0
2024-07-17,3446.7658893041003,414703698412.0949,21040427365.588116,,3432524.0,,,,,,,577.0733320025251,88732963754.11292,1214855892.5372884,,11890109.0,,,2048.0,4020.0,485.0,0.0,2303822,0.0,0.0,0.0
2024-07-18,3389.441287038116,407908628077.67224,16978839263.794697,,,,,,,,,568.6629868188512,87605945219.33867,801369061.398164,,,,,2048.0,4021.0,485.0,0.0,2278629,0.0,0.0,0.0
2024-07-19,3428.5520187667257,412233122047.3164,14884776298.264118,,3436697.0,,,,,,,571.9732791484945,88003321839.19179,749609076.1390363,,11912798.0,,,,,,,3042562,0.0,0.0,0.0
2024-07-20,3505.222536388452,421392010127.0308,17784761899.551624,,3434624.0,,,,,,,593.6286687768509,91326026617.611,1198263276.8712485,,,,,,,,,3222547,0.0,0.0,0.0
2024-07-21,3522.8013028122487,423550664963.50604,9427844289.70798,,3432544.0,,,,,,,593.7583912963933,91357106145.40709,612596079.2453587,,11902140.0,,,2050.0,4021.0,485.0,0.0,3308782,0.0,0.0,0.0
2024-07-22,3533.118349531153,424780865928.9678,13378492000.408422,,,,,,,,,601.817243994619,92565473859.78108,888499706.291106,,,,,2051.0,4020.0,485.0,0.0,3237892,0.0,0.0,0.0
2024-07-23,3443.073350817144,413961610216.08093,18304154013.687572,,3432577.0,,,,,,,589.292647245785,90711577823.5121,1076044016.0684297,,11889583.0,,,,,,,3263523,0.0,0.0,0.0
2024-07-24,3482.9837705931927,418879212976.89734,25079221799.230476,,,,,,,,,582.4529136231971,89637632645.52553,898212596.9295814,,,,,2051.0,4023.0,485.0,0.0,3140148,0.0,0.0,0.0
2024-07-25,3336.3802530382436,401152738546.72644,15765758234.562634,,3441802.0,,,,,,,574.4106472326896,88376610702.22978,680183858.5534694,,11927470.0,,,,,,,3139121,0.0,0.0,0.0
2024-07-26,3173.7633983274727,381782355331.5728,25890826733.28285,,3437521.0,,,,,,,570.9283836332269,87881569567.94095,1131076443.6688194,,12212576.0,,,2052.0,4024.0,485.0,0.0,3212620,46.65596,0.0,46.65596
2024-07-27,3278.1869575279507,394189879099.2592,15169277359.834238,,3441190.0,,,,,,,581.0688197159623,89386228930.64784,708560781.7404197,,12347067.0,,,,,,,3225499,45.27428,0.0,45.27428
2024-07-28,3254.611672582785,391424161950.5181,14496971021.239912,,3443683.0,,,,,,,582.1631652390556,89569383275.49492,814108946.207702,,,,,,,,,3289180,31.73496,13.73557,17.99939
2024-07-29,3272.8501306701373,393579006059.7797,7818233563.235541,,3441214.0,,,,,,,584.4214798073752,89894878401.64874,456744572.360746,,12417772.0,,,2054.0,4026.0,485.0,0.0,3323568,25.93855,7.93916,17.99939
2024-07-30,3316.942188773212,399239444647.5382,18452148650.905613,,3441843.0,,,,,,,574.7212730893208,83786153369.62154,894893853.6873201,,,,,2054.0,4028.0,485.0,0.0,3434840,24.30696,6.30757,17.99939
2024-07-31,3276.981779516743,393942961780.88654,13805865977.524105,,3443928.0,,,,,,,585.8203686347002,85470855219.68504,811283570.7593459,,12489422.0,,,,,,,3587974,25.77277,7.77338,17.99939
2024-08-01,3233.076804863122,388633791826.8701,16143420325.47769,,3444447.0,,,,,,,576.7235905020976,84116308113.30072,819116546.4664685,,12514857.0,,,2052.0,4029.0,485.0,0.0,3679309,21.09552,5.83447,15.26105
2024-08-02,3204.2465237463616,385340171208.75555,17786413332.129932,,3445057.0,,,,,,,575.3955117876043,83943056335.13995,1103476839.0569408,,,,,,,,,3687562,19.69799,6.87411,12.82389
2024-08-03,2983.300976694291,358543505038.73834,18785849199.903355,,3439989.0,,,,,,,542.9536431671482,79207573785.73466,1190046276.7072883,,12511990.0,,,2053.0,4030.0,485.0,0.0,4093047,29.92848,9.41431,20.51417
2024-08-04,2906.7150241765007,349395441871.30615,17701956694.58319,,3436733.0,,,,,,,529.824763245154,77275298116.98772,920058736.0484015,,12484036.0,,,,,,,4240129,23.76069,3.82783,19.93286
2024-08-05,2682.4373928187924,323403607818.7498,22171247833.139385,,3458482.0,,,,,,,495.964297435195,72455031845.59312,1204020187.4041965,,12500157.0,,,,,,,4296173,44.25898,1.06384,43.19514
2024-08-06,2415.6311394312143,291245061884.5607,73571034926.63428,,,,,,,,,464.9172230655701,67825646616.054695,3688148819.095155,,,,,,,,,4331312,24.04206,3.66718,20.37488
2024-08-07,2455.51137665051,295168597349.07764,27613148149.796356,,3463742.0,,,,,,,483.58147031545303,70529736005.98248,1608444664.859629,,12569276.0,,,2056.0,4032.0,485.0,0.0,4587364,22.48928,3.95041,18.53887
2024-08-08,2341.590346028249,282098261495.40393,24968091142.09198,,3462510.0,,,,,,,474.91517548175267,69405610033.30518,1172923833.5303307,,12598457.0,,,,,,,4679567,24.6345,6.70224,17.93226
2024-08-09,2685.012750687489,322827381254.3183,24290512619.839314,,3460347.0,,,,,,,517.0200212361478,75379973055.30574,964414902.9202516,,12624440.0,,,2061.0,4033.0,485.0,0.0,4325052,24.79855,6.86629,17.93226
2024-08-10,2602.1840712761878,312353537574.9063,18077335701.97768,,3457986.0,,,,,,,508.50598966236623,74121729931.63289,588500103.9347321,,12642628.0,,,,,,,4217658,11.86541,0.0,11.86541
2024-08-11,2608.0357436286963,313697482213.2365,8849019546.648287,,3454279.0,,,,,,,523.4081972371441,76361242414.22313,537804503.7654083,,12667061.0,,,2061.0,4033.0,485.0,0.0,3746171,11.86541,0.0,11.86541
2024-08-12,2558.790870730736,307740266021.366,12624674028.077477,,3452265.0,,,,,,,503.4723056454186,73430101810.45255,797141781.6084327,,12710060.0,,,2061.0,4034.0,485.0,0.0,3741885,14.18542,0.0,14.18542
2024-08-13,2726.777988551933,328070186437.41003,22670968464.846756,,3452927.0,,,,,,,518.7522169712583,75670419007.80066,1003673165.5908451,,12768412.0,,,2062.0,4037.0,485.0,0.0,3880598,13.64317,0.0,13.64317
2024-08-14,2703.5505587641255,325002180894.27686,16366799383.61909,,3455074.0,,,,,,,523.5534548294074,76342061983.68185,967141273.6618243,,12866157.0,,,,,,,3865442,12.89004,0.0,12.89004
2024-08-15,2662.780395092489,320231285058.06165,15887432311.728333,,3456908.0,,,,,,,523.8422624962476,76380430420.0317,791043544.1797582,,12912514.0,,,2062.0,4038.0,485.0,0.0,3809863,14.13432,0.0,14.13432
2024-08-16,2569.8604812159274,309002097789.9878,15498476343.410463,,3457149.0,,,,,,,519.9897914144176,75841500331.08524,835902359.0401022,,12909112.0,,,,,,,3736874,13.72888,0.0,13.72888
2024-08-17,2592.249006212312,311786461030.44476,12841847017.271076,,3456224.0,,,,,,,519.7178383319489,75855800746.29582,721531477.325509,,12890573.0,,,2065.0,4039.0,485.0,0.0,3834193,13.72888,0.0,13.72888
2024-08-18,2613.139261446099,314212508914.4149,5483825246.098839,,3454311.0,,,,,,,542.028372504351,79079252404.1194,665967566.2581954,,12894680.0,,,,,,,3862519,13.72888,0.0,13.72888
2024-08-19,2614.6012806263716,314682052511.7037,8617702421.12827,,3456324.0,,,,,,,530.6035820721123,77408470293.99077,641658585.5509945,,12906531.0,,,,,,,4035282,13.72888,0.0,13.72888
2024-08-20,2640.5904207330605,317616756579.9527,11730843561.162947,,3457159.0,,,,,,,561.3466933045529,81819968892.46297,835825601.7907687,,12917488.0,,,,,,,4048221,13.72888,0.0,13.72888
2024-08-21,2575.643435503567,309867213669.31934,12823659998.035198,,3458347.0,,,,,,,569.5129223388254,83358274544.39061,1333942724.7945085,,12938525.0,,,2068.0,4042.0,485.0,0.0,3526644,16.45899,0.0,16.45899
2024-08-22,2630.2988017642488,316360729845.1586,11246256658.90509,,3457320.0,,,,,,,569.5545076353214,83056570988.02866,1112040435.3405745,,12933620.0,,,,,,,3621613,16.33018,0.0,16.33018
2024-08-23,2623.289171364539,315630604929.4857,10277172867.663338,,3459242.0,,,,,,,583.7567536762228,85179220985.07648,1204928827.4745126,,12955408.0,,,,,,,3336152,16.94248,0.0,16.94248
2024-08-24,2763.2554073640704,332181161792.2442,17876365362.452858,,,,,,,,,590.4688964429359,86138952585.00223,1209666815.6702595,,,,,,,,,3377047,10.60644,0.0,10.60644
2024-08-25,2767.840733546234,332950073030.8183,11990449014.147696,,3456949.0,,,,,,,580.9115618477243,84650512772.08447,1096537691.4227378,,12950579.0,,,2062.0,4044.0,483.0,0.0,3350461,16.24777,0.0,16.24777
2024-08-26,2745.164671605207,330332547375.3104,8312216650.941433,,3459776.0,,,,,,,573.1076363055,83610905694.51266,801561228.6776841,,,,,,,,,3056157,14.43065,0.0,14.43065
2024-08-27,2683.0801154902983,322816645099.5817,11486270160.014797,,3461657.0,,,,,,,548.8530122031234,80080391634.32704,971837222.7143233,,13017357.0,,,,,,,3010244,11.67436,0.0,11.67436
2024-08-28,2457.2773517547434,295636169778.93835,17505948780.2572,,3460990.0,,,,,,,534.6723254250207,78160031799.81288,1042927606.5953478,,,,,,,,,2894443,0.0,0.0,0.0
2024-08-29,2527.0269814017706,303958449107.31573,21234602056.030586,,3457246.0,,,,,,,536.5579977474256,78331630413.95227,1100999066.934797,,12993314.0,,,2062.0,4027.0,483.0,0.0,2844507,11.71985,0.0,11.71985
2024-08-30,2526.7383553003406,304106394048.1237,13272715023.256615,,3457306.0,,,,,,,536.8036844570744,78358707308.23318,720268698.6317524,,12985071.0,,,,,,,2746980,13.04911,0.0,13.04911
2024-08-31,2527.690204915795,304009556580.61725,15607580785.925383,,3454274.0,,,,,,,535.4547657229192,78116141811.91739,856795243.7737503,,12988218.0,,,2053.0,4027.0,483.0,0.0,3299578,52.65185,0.0,52.65185
2024-09-01,2513.3643501004462,302383496015.1365,6105765553.728281,,3454153.0,,,,,,,532.7142189592856,77715922914.05212,376648540.750375,,12963791.0,,,2053.0,4027.0,483.0,0.0,3478238,52.66728,0.0,52.66728
2024-09-02,2430.0202661439344,292436067877.0585,11229587557.968822,,3453998.0,,,,,,,512.8645441575117,74829827536.7718,694174839.1502885,,12953674.0,,,,,,,3625831,56.91734,0.0,56.91734
2024-09-03,2534.9048168403706,304838837601.64795,12130504179.053215,,3453707.0,,,,,,,526.1346608462134,76831499618.63228,965913618.7430446,,12963589.0,,,2052.0,4028.0,483.0,0.0,3623666,53.29798,0.0,53.29798
2024-09-04,2437.1471557556497,293818299349.5953,9565142020.243557,,3454340.0,,,,,,,518.9769919279926,75821979841.87625,811117819.4505297,,12964870.0,,,2052.0,4027.0,483.0,0.0,3655325,52.04985,0.0,52.04985
2024-09-05,2448.30785784089,294329412026.3932,16639700582.521397,,3456084.0,,,,,,,508.0001826075747,74082271440.05545,1261230278.541177,,12993987.0,,,,,,,3765960,49.44144,0.0,49.44144
2024-09-06,2367.7700509506026,284989115168.67084,11060190870.627691,,3455421.0,,,,,,,502.3364802943831,73298353535.19609,596939169.894353,,12996699.0,,,,,,,3908799,49.55518,0.0,49.55518
2024-09-07,2223.780428382685,267574522057.00296,26087934661.284035,,3456186.0,,,,,,,486.61133722783063,71044218471.2088,1186849723.1851678,,13004433.0,,,,,,,3742477,33.82916,0.0,33.82916
2024-09-08,2272.6972849951912,273350308345.93225,10405191111.340616,,3455329.0,,,,,,,493.1697725825615,71876297112.53575,590890071.6126567,,12994797.0,,,2055.0,4029.0,480.0,0.0,3829452,34.96895,0.0,34.96895
2024-09-09,2296.4029520764498,276344419515.7602,9844980386.825493,,3455894.0,,,,,,,502.47327648981104,73534080477.2485,624529866.452612,,13004011.0,,,,,,,4011725,32.09229,0.0,32.09229
2024-09-10,2359.565766831627,284026097136.9972,15874675673.552357,,3457162.0,,,,,,,519.0381441947187,75762703430.44998,841883931.0358859,,13022857.0,,,,,,,4083796,30.93342,0.0,30.93342
2024-09-11,2389.4740111256497,287422889605.8082,12508388687.122387,,3458997.0,,,,,,,517.371526189411,75460567584.08252,745525442.6766412,,13050377.0,,,2053.0,4032.0,478.0,0.0,4088300,33.95963,0.0,33.95963
2024-09-12,2342.9639236941434,282041230807.9828,14692963988.99108,,3458921.0,,,,,,,530.7261556082223,77464122682.9438,948969872.6117084,,13059363.0,,,,,,,4140018,27.88332,0.0,27.88332
2024-09-13,2362.300238174588,284255194234.77527,11610780893.077023,,3459018.0,,,,,,,543.9941131094093,79366643987.68835,940734076.1742953,,13073363.0,,,2053.0,4031.0,475.0,0.0,4176052,30.96271,0.0,30.96271
2024-09-14,2445.08621032297,294131761890.3451,13122792869.978857,,3459751.0,,,,,,,557.3001014335761,81324118498.18243,957150654.2350278,,13090920.0,,,2054.0,4032.0,475.0,0.0,4297384,28.00761,0.0,28.00761
2024-09-15,2418.0828083179904,290912717943.81995,7248493705.268602,,3457257.0,,,,,,,553.4601547683208,80729550771.28122,549782251.6100315,,13071723.0,,,,,,,4488845,27.80955,0.0,27.80955
2024-09-16,2322.6433317480564,279257769574.61383,9361948332.945747,,,,,,,,,553.5317684437828,80738379011.58696,739957732.7569236,,,,,,,,,4633438,26.92247,0.0,26.92247
2024-09-17,2295.1348386540835,276339513490.21936,16629103878.54157,,3461571.0,,,,,,,534.0307828642058,77951289168.31566,1185987916.239536,,13127980.0,,,,,,,4726573,26.60359,0.0,26.60359
2024-09-18,2341.0924132597524,281704536557.3961,14449511265.93516,,,,,,,,,545.8591557817873,79651662029.65852,749799587.5539025,,13125649.0,,,2054.0,4033.0,473.0,0.0,4764387,25.56312,0.0,25.56312
2024-09-19,2361.960992100706,283874122378.3681,17524561761.811428,,3461569.0,,,,,,,559.2622033756663,81414364603.32365,800863109.7515539,,13124272.0,,,,,,,4755433,21.1913,0.0,21.1913
2024-09-20,2465.2347833172967,296680606397.51587,17820089225.37694,,3461693.0,,,,,,,565.7226434773531,82508263052.88373,1072294555.0654228,,,,,2055.0,4035.0,473.0,0.0,4719445,25.30231,0.0,25.30231
2024-09-21,2557.6218555442515,307586864690.1545,18498405459.395584,,3463226.0,,,,,,,568.1419699696063,82865805726.7333,749877887.8963493,,13147699.0,,,,,,,4637738,19.45547,0.0,19.45547
2024-09-22,2614.599604753501,315153052833.9301,9276102854.536339,,,,,,,,,589.1278971088337,86060631709.70407,596782454.4087572,,13168432.0,,,2055.0,4035.0,473.0,0.0,4666072,22.50685,0.0,22.50685
2024-09-23,2582.847683741262,310840922229.8413,12759588941.97967,,3465701.0,,,,,,,588.0008491467103,85792747967.27962,610149903.8468648,,13166581.0,,,2055.0,4036.0,473.0,0.0,4715641,21.73959,0.0,21.73959
2024-09-24,2647.9931622033255,318666137823.1156,19740370943.835594,,,,,,,,,604.2907205092504,88128290233.23134,1300885128.817108,,,,,,,,,4692681,21.10843,0.0,21.10843
2024-09-25,2653.844345308008,319524635350.52515,16584773336.25631,,3468356.0,,,,,,,606.3196193639224,88472367696.05081,785716722.9769592,,13181380.0,,,,,,,4148781,24.37872,0.0,24.37872
2024-09-26,2578.566359563475,309875035203.6359,14003678832.756735,,,,,,,,,587.4528459687532,85624136607.39825,869908503.6015983,,,,,,,,,3013273,33.54066,0.0,33.54066
2024-09-27,2630.94983700893,316828988137.27673,16686162392.966532,,3467115.0,,,,,,,596.6500568684918,87077034857.04509,1166805206.001594,,13153432.0,,,,,,,2980237,34.59163,0.0,34.59163
2024-09-28,2698.1928212346033,324681649929.6723,16468123574.12263,,3468296.0,,,,,,,608.5326765533662,88777861760.9806,1210015212.5003896,,13172894.0,,,,,,,3109917,37.02187,0.0,37.02187
2024-09-29,2680.218702062471,322761939149.4107,9607072594.439383,,3469783.0,,,,,,,601.8844621885047,87827034865.21294,930036415.1687939,,13183782.0,,,,,,,3006919,37.79403,0.0,37.79403
2024-09-30,2659.611211611689,320146112155.9396,9570811494.068226,,3471528.0,,,,,,,596.6124622623387,87052731975.43872,649177025.9413755,,13233570.0,,,2053.0,4044.0,474.0,0.0,3477330,32.01206,0.0,32.01206
2024-10-01,2597.3411516834435,312577514239.3695,17539259209.42195,,3473456.0,,,,,,,566.6132996895035,82687696155.70758,844868785.4516878,,13254747.0,,,,,,,3647194,29.67734,0.0,29.67734
2024-10-02,2451.631522589772,295243912099.71765,26538568534.282005,,3474838.0,,,,,,,547.6662085850359,79897582813.02779,1303622283.1272783,,13259259.0,,,2055.0,4043.0,474.0,0.0,3634310,29.71262,0.0,29.71262
2024-10-03,2365.231040243019,284621591999.18945,20613586399.40693,,3475166.0,,,,,,,542.1361610816159,79089065108.12651,962211853.2679341,,13254382.0,,,,,,,4687384,30.15642,0.0,30.15642
2024-10-04,2348.0048369247393,282601960212.3656,18771995105.191242,,3474480.0,,,,,,,543.9268634322848,79356570336.31575,717224492.2556725,,13251194.0,,,2055.0,4044.0,474.0,0.0,4679122,29.30088,0.0,29.30088
2024-10-05,2416.9184055552637,290928251441.44226,15230883994.399237,,3474133.0,,,,,,,555.7319512863536,81042254268.0583,642933307.385025,,13231907.0,,,2055.0,4045.0,474.0,0.0,4917620,30.32568,0.0,30.32568
2024-10-06,2415.4038137445546,290706276902.6144,7362867897.959902,,3474418.0,,,,,,,563.0576257615133,82114177423.76372,398503138.46767455,,13219819.0,,,,,,,5775955,30.32568,0.0,30.32568
2024-10-07,2438.030912544012,293516242471.9333,7641011283.520121,,3476252.0,,,,,,,570.3887106812168,83265317975.27345,460824875.58197916,,13228897.0,,,,,,,5691293,30.32568,0.0,30.32568
2024-10-08,2422.7506412955013,291612805733.03143,16943828822.371426,,3478491.0,,,,,,,564.5530144089458,82362634345.85994,822476319.5850166,,13252582.0,,,2056.0,4050.0,474.0,0.0,5694138,30.32568,0.0,30.32568
2024-10-09,2441.4651696200294,294190554781.40424,13601054198.545612,,3480780.0,,,,,,,580.5834563804233,84738393992.16469,812293173.272375,,13263985.0,,,2056.0,4050.0,474.0,0.0,5596981,30.32568,0.0,30.32568
2024-10-10,2367.615096789395,285084590935.4484,14384326799.317202,,3482136.0,,,,,,,570.4233445375069,83220162034.19997,1120320879.4039862,,13275598.0,,,2056.0,4052.0,474.0,0.0,5627233,30.32568,0.0,30.32568
2024-10-11,2381.7817088014776,286552629874.8065,14686776834.298496,,3482940.0,,,,,,,562.2876092184791,82021809492.13783,666418337.8417825,,13281639.0,,,,,,,5670455,30.32568,0.0,30.32568
2024-10-12,2435.7137843692162,293162664953.97815,13097241431.234644,,3485143.0,,,,,,,572.6973782181188,83546567873.48314,726487414.3748224,,13297846.0,,,,,,,5636094,12.22901,0.0,12.22901
2024-10-13,2477.6130275578225,298282533565.2097,8538997411.470292,,3486077.0,,,,,,,576.4218063678553,84061595901.47354,514250584.25048655,,13303986.0,,,,,,,5592540,12.22901,0.0,12.22901
2024-10-14,2466.8607267086663,296977636559.92773,7516544091.44527,,,,,,,,,572.0464555145396,83416290893.81396,504380355.1480061,,13299074.0,,,2049.0,4054.0,474.0,0.0,5601684,12.22901,0.0,12.22901
2024-10-15,2628.504376157751,316451494816.54065,21502937840.286705,,3488042.0,,,,,,,588.7145782741194,85928412504.44931,922914192.4897503,,13311200.0,,,2049.0,4055.0,474.0,0.0,6072000,12.09701,0.0,12.09701
2024-10-16,2602.0760435960988,313216116600.22363,21986428173.14599,,3489602.0,,,,,,,593.7859585166118,86636583192.31186,1133724407.1369383,,13386449.0,,,2049.0,4055.0,474.0,0.0,6047483,12.09701,0.0,12.09701
2024-10-17,2611.700159182395,314435102932.4304,16135687550.25065,,3490359.0,,,,,,,600.7171299370192,87633144279.6967,941867678.3498796,,13530256.0,,,,,,,6063058,12.10572,0.0,12.10572
2024-10-18,2603.1202923346113,313194633306.5954,14330391810.475258,,3490302.0,,,,,,,592.06562034803,86333076752.49678,727488240.0562967,,13527780.0,,,,,,,3669998,12.05253,0.0,12.05253
2024-10-19,2643.156520987104,318245706033.605,16301885114.203026,,3491047.0,,,,,,,599.7937020052995,87513331879.36797,620458607.0386341,,13527072.0,,,,,,,3665272,11.43698,0.0,11.43698
2024-10-20,2649.979289580214,318975355966.1185,7337169826.464913,,3491382.0,,,,,,,598.0584515713127,87250625179.78609,366372731.7293214,,13522748.0,,,,,,,3249109,11.10809,0.0,11.10809
2024-10-21,2742.9591411600395,330127637903.2564,12697856633.571321,,3493244.0,,,,,,,604.7364465668796,88195432727.09534,403326085.94190884,,13526942.0,,,2049.0,4058.0,475.0,0.0,3265608,11.20131,0.0,11.20131
2024-10-22,2665.731938974013,320871813296.62164,17340865615.868176,,,,,,,,,598.8441916110455,87325520925.89667,729415389.1626027,,,,,,,,,3263005,17.82839,0.0,17.82839
2024-10-23,2619.5653130506435,315286963217.6233,15418370745.51069,,3494701.0,,,,,,,593.2537357882547,86532749174.40143,793524643.3617057,,13539485.0,,,,,,,3349249,19.0838,0.0,19.0838
2024-10-24,2524.1038563091197,303758669310.65466,19004341635.326817,,,,,,,,,584.5160075603742,85255197630.47481,784000933.3228502,,13528205.0,,,2049.0,4059.0,476.0,0.0,3406107,19.84933,0.0,19.84933
2024-10-25,2536.234041319884,305016120148.3843,16708110976.636312,,3494666.0,,,,,,,594.325893184941,86710819325.42433,644617281.7623655,,13531988.0,,,2049.0,4059.0,476.0,0.0,3403778,18.08073,0.0,18.08073
2024-10-26,2422.09328922875,290598017399.4684,23734197478.807434,,3494505.0,,,,,,,573.5027977179195,83449711140.45877,881784218.7704451,,13533519.0,,,,,,,3331352,16.06854,0.0,16.06854
2024-10-27,2479.3736032443317,298518432454.89374,13434262241.34632,,3494521.0,,,,,,,582.7002844268627,85017771621.24681,522130327.4992685,,13521395.0,,,2049.0,4058.0,477.0,0.0,3308240,15.86671,0.0,15.86671
2024-10-28,2505.502947138879,301656245036.7335,8656317174.654642,,3495547.0,,,,,,,588.3466587883522,85827006527.09506,441842652.54891616,,,,,,,,,3322328,15.26239,0.0,15.26239
2024-10-29,2564.8138556782997,308760527470.31,19560694034.693996,,3497509.0,,,,,,,600.2951565105121,87554214286.16765,644392069.212074,,13548466.0,,,,,,,3311023,15.46907,0.0,15.46907
2024-10-30,2638.637351278122,317633905084.8851,22541317733.245987,,3497317.0,,,,,,,605.9923660648295,88414948715.28604,1073038597.5710328,,13545715.0,,,,,,,3322355,15.14167,0.0,15.14167
2024-10-31,2657.6141818494384,320125387602.99,22790792400.863556,,3496100.0,,,,,,,595.7628311131087,86969500510.24303,850312506.2658379,,13524676.0,,,,,,,3280825,16.51873,0.0,16.51873
2024-11-01,2514.750787241073,302903644448.69275,20097565241.562813,,3496616.0,,,,,,,575.5827350716986,84000613909.2605,1036949641.1860024,,13522903.0,,,2049.0,4058.0,477.0,0.0,3229100,14.51459,0.0,14.51459
2024-11-02,2513.8372870612066,302633410028.4328,20396109310.40712,,3495858.0,,,,,,,572.9178309294414,83572294995.76315,893454861.8709445,,13515091.0,,,2049.0,4058.0,477.0,0.0,3002316,14.30186,0.0,14.30186
2024-11-03,2491.352150058657,299972542553.578,8253307127.229915,,3493938.0,,,,,,,568.1788705867822,82889818185.21948,613502646.373791,,13495337.0,,,2049.0,4059.0,477.0,0.0,2980792,14.30186,0.0,14.30186
2024-11-04,2456.979687344711,296080479788.81036,14546539750.496363,,,,,,,,,557.9719388092819,81477370371.82082,807471288.4620364,,,,,2049.0,4059.0,477.0,0.0,2983980,14.30186,0.0,14.30186
2024-11-05,2395.9472139132804,288417039274.4664,17316680977.698635,,3495791.0,,,,,,,552.0002698236904,80509315395.44171,876900503.1809891,,13491061.0,,,2049.0,4059.0,477.0,0.0,3005052,14.30186,0.0,14.30186
2024-11-06,2422.368479855642,291680535424.015,18024855703.904736,,3497484.0,,,,,,,563.1815855751432,82160078279.30705,782468123.611863,,13513688.0,,,,,,,2937954,14.30186,0.0,14.30186
2024-11-07,2720.6217450068793,327447580506.6538,42388106411.06861,,3498285.0,,,,,,,591.1691503275006,86248682357.26794,1832779153.4980664,,13525409.0,,,2049.0,4059.0,477.0,0.0,2872506,14.30186,0.0,14.30186
2024-11-08,2894.9718733838376,348640981227.00085,36844374455.9351,,3501804.0,,,,,,,598.6118114741502,87331183563.1823,1140184047.2747588,,13554409.0,,,,,,,2959536,10.57603,0.0,10.57603
2024-11-09,2960.9593369382137,356482981903.24994,33688997426.40259,,3502144.0,,,,,,,598.0540120171064,87226205424.11293,1097148719.9339457,,13563034.0,,,,,,,2955168,14.3395,0.0,14.3395
2024-11-10,3130.035524073996,376942816358.42664,30583711140.36284,,3500459.0,,,,,,,623.0345147169824,91086187582.46587,2289560529.6535926,,13537727.0,,,2049.0,4059.0,477.0,0.0,2949340,14.55907,0.0,14.55907
2024-11-11,3191.9044555518153,384143201744.36383,47726595161.32535,,3501918.0,,,,,,,628.4982208915301,91619975451.01256,2637125258.8770103,,13538220.0,,,,,,,2934651,13.42621,0.0,13.42621
2024-11-12,3372.7914863430115,407462829811.2162,62390436438.24982,,3504025.0,,,,,,,655.001920202732,95953859311.81076,1582512409.9785407,,13546737.0,,,2048.0,4060.0,477.0,0.0,2939127,13.05974,0.0,13.05974
2024-11-13,3260.934386131155,392233485413.7434,60074013245.45247,,3507497.0,,,,,,,629.1405449090754,91663556242.07321,3680447411.470419,,13568853.0,,,,,,,2935877,12.99503,0.0,12.99503
2024-11-14,3191.8991843987947,384320615296.6757,65592582441.25777,,3511114.0,,,,,,,620.6711241408003,90601254693.01842,3088847318.0117497,,13593484.0,,,,,,,3069109,12.74254,0.0,12.74254
2024-11-15,3059.812296932496,367484509623.6447,37531565153.535194,,3511379.0,,,,,,,620.7149581494238,90438980537.17252,3102474990.626613,,13602879.0,,,,,,,3017128,13.14539,0.0,13.14539
2024-11-16,3093.913043390382,372487751993.49884,33076552515.401417,,3550565.0,,,,,,,618.5720978479429,90211289977.11554,2050272135.7677736,,13587132.0,,,2048.0,4065.0,477.0,0.0,2825870,9.80865,0.0,9.80865
2024-11-17,3133.8802234191417,376904025324.19116,26503107468.25979,,3545057.0,,,,,,,622.5200094288792,90600287238.66862,1452900658.074677,,13574660.0,,,2048.0,4067.0,477.0,0.0,2864069,9.241,0.0,9.241
2024-11-18,3075.534532601624,370225690651.5099,28547657381.28478,,,,,,,,,617.8473040647104,90046308523.15709,1828130470.576308,,13586417.0,,,2048.0,4067.0,477.0,0.0,3741976,6.36431,0.0,6.36431
2024-11-19,3209.4239073326826,386129534586.85486,35364731417.99857,,3547564.0,,,,,,,619.6636009849202,90317334784.22472,1651371565.818097,,13608140.0,,,2048.0,4070.0,477.0,0.0,3454171,5.28389,0.0,5.28389
2024-11-20,3112.9098010150224,374925759373.2606,29767245881.040333,,3549276.0,,,,,,,615.9180341474424,89864910340.94922,1388983815.5660732,,13624527.0,,,2048.0,4070.0,477.0,0.0,3493668,6.54947,0.0,6.54947
2024-11-21,3075.193856649331,370266265216.9245,29508936260.346874,,3550974.0,,,,,,,607.2954246379498,88607714965.0514,1559086629.2346592,,13630187.0,,,,,,,3505112,7.14179,0.0,7.14179
2024-11-22,3365.9369715466096,405284044226.11957,55714132904.97961,,,,,,,,,623.5047261063257,90962065583.55013,2343280028.8742757,,13635745.0,,,2048.0,4070.0,477.0,0.0,3458862,7.27717,0.0,7.27717
2024-11-23,3327.7571951719624,400787854559.3274,36536922518.79305,,3553463.0,,,,,,,633.0202588832259,92349194787.00644,1846338179.2677584,,13639079.0,,,,,,,3463725,7.14606,0.0,7.14606
2024-11-24,3394.036961782547,408448492183.1955,42885423857.47691,,3556295.0,,,,,,,651.5324156029599,95008979222.82204,3373812879.967069,,13657134.0,,,2048.0,4072.0,477.0,0.0,3431045,6.87326,0.0,6.87326
2024-11-25,3368.7027619429946,405718851021.4928,30123422893.99126,,3557060.0,,,,,,,661.6867306484445,96535188283.16571,2917371682.838013,,13662530.0,,,2048.0,4074.0,477.0,0.0,3321002,0.0,0.0,0.0
2024-11-26,3417.291223691937,411314588853.17755,53625394443.87371,,3558718.0,,,,,,,635.2624284539559,92608753001.29962,2394918621.268695,,13674413.0,,,2048.0,4073.0,477.0,0.0,3417892,7.18542,0.0,7.18542
2024-11-27,3325.636532587645,400706261382.18384,41896722105.13149,,3560933.0,,,,,,,613.7254260217858,89577669155.71219,2494275590.5107102,,13691574.0,,,,,,,3399947,0.0,0.0,0.0
2024-11-28,3666.1884904377557,441632729137.7082,48465294233.32744,,3560891.0,,,,,,,645.1514917318507,94131145638.41046,1940704254.0273583,,,,,2048.0,4074.0,477.0,0.0,3429034,8.20004,0.0,8.20004
2024-11-29,3579.2407862474997,431207272220.64014,33082767875.13153,,3561802.0,,,,,,,654.5913158519834,95461592953.30748,2381977222.083153,,13702925.0,,,,,,,3496965,8.70873,0.0,8.70873
2024-11-30,3598.1933212253616,433361301691.3607,28800628431.21762,,,,,,,,,654.771684845135,95500304653.15181,1553941107.9797518,,13709257.0,,,2048.0,4076.0,477.0,0.0,3490677,8.85897,0.0,8.85897
2024-12-01,3709.9094391073327,446851521665.9131,31961998508.230377,,3557570.0,,,,,,,655.0341088639733,95585516151.45093,1682644261.813791,,13709358.0,,,,,,,3466539,8.65759,0.0,8.65759
2024-12-02,3708.8072387383017,446664514864.58777,29705280034.459038,,3560039.0,,,,,,,655.7348886381908,95646063853.98654,1465006765.1405237,,,,,,,,,3495579,0.0,0.0,0.0
2024-12-03,3643.855375704235,438825980701.30023,49031522663.40944,,3562404.0,,,,,,,647.1199397363577,94366844096.0861,2373999130.8716054,,13728936.0,,,2048.0,4079.0,477.0,0.0,3500653,8.33416,0.0,8.33416
2024-12-04,3625.7104579497204,436691206026.36835,39557549415.34987,,,,,,,,,740.0349367441655,108108300474.17479,4567002669.157179,,,,,,,,,3456198,8.37092,0.0,8.37092
2024-12-05,3839.443460715871,462490222624.56714,59744855714.19937,,3556782.0,,,,,,,736.4426842404933,107467583157.48167,6355347042.361618,,13714138.0,,,2048.0,4079.0,477.0,0.0,3378516,7.80263,0.0,7.80263
2024-12-06,3796.8688671601276,457067221118.4413,64995601294.502495,,,,,,,,,719.7623500626481,104903980762.58746,3821183229.5789404,,,,,,,,,3389460,7.22095,0.0,7.22095
2024-12-07,4013.726145388712,483422504163.839,55954471926.67034,,3558931.0,,,,,,,732.5424290130477,106872608667.21408,2720943421.9763966,,13708757.0,,,,,,,3382378,7.12815,0.0,7.12815
2024-12-08,4000.992076502189,481889176555.6843,21959792763.543846,,3551897.0,,,,,,,750.2454938747231,109451466413.20235,1748135790.7778006,,13692687.0,,,,,,,3369144,8.17503,0.0,8.17503
2024-12-09,4015.7820212328807,483642898147.5037,20728146237.12733,,3553599.0,,,,,,,745.3758374040211,108738492023.74458,1318662772.5807214,,13688999.0,,,2048.0,4081.0,477.0,0.0,3366740,6.82177,0.0,6.82177
2024-12-10,3713.3138979971745,446571271919.9886,59141397866.09827,,,,,,,,,688.0073673187646,100338665906.47128,3134677046.188991,,,,,2048.0,4081.0,477.0,0.0,3380543,7.65558,0.0,7.65558
2024-12-11,3626.5886417774996,436749626813.98615,63643513993.15369,,3558078.0,,,,,,,675.4213801221093,98534549902.19533,3017514510.6277456,,13710218.0,,,2048.0,4081.0,477.0,0.0,3388039,6.73045,0.0,6.73045
2024-12-12,3828.1075883404096,461075934206.2153,38471623681.40909,,3559751.0,,,,,,,710.6900184753106,103655308925.02591,1903416575.806963,,,,,,,,,3469979,8.51699,0.0,8.51699
2024-12-13,3878.850012073054,466883095805.38696,47474608675.336655,,3560792.0,,,,,,,705.6789649754452,102923886014.42325,1993906415.0291083,,13716570.0,,,,,,,3532237,8.16784,0.0,8.16784
2024-12-14,3907.4296595053356,470469907671.53613,36218321642.49857,,3561465.0,,,,,,,726.77223065721,105993649633.03232,1900492715.31541,,13719490.0,,,,,,,3538951,7.76276,0.0,7.76276
2024-12-15,3866.9958020348054,465713274663.6432,28647722345.409325,,3564001.0,,,,,,,715.4486038130365,104445915284.71416,1302217718.8769124,,13731800.0,,,2049.0,4083.0,477.0,0.0,3795558,7.01541,0.0,7.01541
2024-12-16,3961.3154661802305,477323245356.1555,24816850994.80954,,,,,,,,,722.5581932063777,105502278026.93062,1087890178.982156,,,,,,,,,3867510,7.48539,0.0,7.48539
2024-12-17,3992.857195846062,480940541314.61334,50679799770.94302,,3568067.0,,,,,,,720.6829341808788,105222651998.97409,1589415330.8598354,,13755954.0,,,2050.0,4085.0,477.0,0.0,3848562,7.68264,0.0,7.68264
2024-12-18,3879.4062240100893,467508439297.98755,32823036037.584606,,,,,,,,,715.6520089733765,104491787287.64561,1610321650.477661,,13758247.0,,,,,,,3844123,7.46592,0.0,7.46592
2024-12-19,3628.2624780444953,436893612673.4018,50734709374.83128,,3568118.0,,,,,,,687.6624331507581,100187667140.30516,2203892490.9307804,,13737433.0,,,2050.0,4087.0,477.0,0.0,3744876,6.89464,0.0,6.89464
2024-12-20,3434.6754695380805,413858693686.69867,64452959600.863884,,3570743.0,,,,,,,669.0228793928828,97651283337.43567,2614960154.253572,,13751637.0,,,,,,,3797312,6.92809,0.0,6.92809
2024-12-21,3468.658920056454,417562064054.3703,72936574193.4554,,3572292.0,,,,,,,677.8485768483023,98743426119.72449,2728589291.527378,,13760095.0,,,2050.0,4089.0,477.0,0.0,3775307,6.54648,0.0,6.54648
2024-12-22,3337.5972231166807,401314595520.45166,32479699770.041058,,3571780.0,,,,,,,662.4248813776467,96521740245.10835,1631846083.3851213,,13752527.0,,,,,,,3685019,6.39838,0.0,6.39838
2024-12-23,3275.8894274015142,394984656581.5222,25811397925.979923,,3576050.0,,,,,,,648.5721398402843,94636666608.3006,1137478924.2738469,,13774262.0,,,2050.0,4092.0,477.0,0.0,3580964,6.38478,0.0,6.38478
2024-12-24,3414.6414419807993,411423031050.5532,35528067791.09896,,,,,,,,,692.2861092311789,101000768912.15712,1945323070.2555032,,,,,,,,,3591055,6.21537,0.0,6.21537
2024-12-25,3497.555287927574,420708095541.6798,24085249644.32143,,3580219.0,,,,,,,697.9537563672064,101662325640.72516,1163427672.65241,,13783539.0,,,2049.0,4091.0,476.0,0.0,3567789,6.31382,0.0,6.31382
2024-12-26,3494.5109273631047,421029544401.6013,17503804977.00058,,,,,,,,,702.3466001659357,102473517266.88693,788266049.0921909,,13769247.0,,,,,,,3523904,6.26313,0.0,6.26313
2024-12-27,3327.7897761683494,401038436756.22626,21239977785.94795,,3581482.0,,,,,,,687.5178696037362,100313525889.4936,1081113208.9599752,,13783247.0,,,2049.0,4093.0,476.0,0.0,3547465,5.95361,0.0,5.95361
2024-12-28,3328.6111553091764,400705550098.4306,24582312087.174118,,3582444.0,,,,,,,690.3639423450093,100706722790.1643,1083410181.1553583,,13788145.0,,,,,,,3558575,5.88012,0.0,5.88012
2024-12-29,3397.8341205085153,409451576910.996,13861298668.649797,,3583373.0,,,,,,,720.5679127131004,105195880146.45,1060863183.0711349,,13779840.0,,,2049.0,4096.0,476.0,0.0,3545639,5.93368,0.0,5.93368
2024-12-30,3357.330742971463,404459649875.75726,11315432322.371536,,,,,,,,,694.4826804506174,101318707630.7003,760246771.2998646,,,,,2049.0,4096.0,476.0,0.0,3627270,5.95045,0.0,5.95045
2024-12-31,3359.513941757392,404631151447.3196,27664137021.813133,,3585920.0,,,,,,,703.1066174310417,102466478284.721,994264720.2303599,,13794223.0,,,,,,,3570541,5.66691,0.0,5.66691
2025-01-01,3336.6175137659498,401972899891.29846,21466394178.61746,,,,,,,,,701.5723264012628,102376145921.80865,1545176749.5279117,,,,,,,,,3567980,5.66179,0.0,5.66179
